Id,ActivityDate,TotalSteps,TotalDistance,TrackerDistance,LoggedActivitiesDistance,VeryActiveDistance,ModeratelyActiveDistance,LightActiveDistance,SedentaryActiveDistance,VeryActiveMinutes,FairlyActiveMinutes,LightlyActiveMinutes,SedentaryMinutes,Calories,is_non_wear_day,total_active_minutes,total_logged_minutes,sedentary_share_pct,activity_tier,TotalSleepRecords,TotalMinutesAsleep,TotalTimeInBed,has_sleep_log,day_of_week,is_weekend,week_number
1503960366,2016-04-12,13162,8.5,8.5,0.0,1.87999999523163,0.550000011920929,6.05999994277954,0.0,25,13,328,728,1985,False,366,1094,66.54478976234003,"Highly active (12,500+)",1.0,327.0,346.0,True,Tuesday,False,15
1503960366,2016-04-13,10735,6.96999979019165,6.96999979019165,0.0,1.57000005245209,0.689999997615814,4.71000003814697,0.0,21,19,217,776,1797,False,257,1033,75.12100677637947,"Active (10,000-12,499)",2.0,384.0,407.0,True,Wednesday,False,15
1503960366,2016-04-14,10460,6.73999977111816,6.73999977111816,0.0,2.44000005722046,0.400000005960464,3.91000008583069,0.0,30,11,181,1218,1776,False,222,1440,84.58333333333333,"Active (10,000-12,499)",,,,False,Thursday,False,15
1503960366,2016-04-15,9762,6.28000020980835,6.28000020980835,0.0,2.14000010490417,1.25999999046326,2.82999992370605,0.0,29,34,209,726,1745,False,272,998,72.74549098196393,"Somewhat active (7,500-9,999)",1.0,412.0,442.0,True,Friday,False,15
1503960366,2016-04-16,12669,8.15999984741211,8.15999984741211,0.0,2.71000003814697,0.409999996423721,5.03999996185303,0.0,36,10,221,773,1863,False,267,1040,74.32692307692308,"Highly active (12,500+)",2.0,340.0,367.0,True,Saturday,True,15
1503960366,2016-04-17,9705,6.48000001907349,6.48000001907349,0.0,3.19000005722046,0.779999971389771,2.50999999046326,0.0,38,20,164,539,1728,False,222,761,70.82785808147175,"Somewhat active (7,500-9,999)",1.0,700.0,712.0,True,Sunday,True,15
1503960366,2016-04-18,13019,8.59000015258789,8.59000015258789,0.0,3.25,0.639999985694885,4.71000003814697,0.0,42,16,233,1149,1921,False,291,1440,79.79166666666667,"Highly active (12,500+)",,,,False,Monday,False,16
1503960366,2016-04-19,15506,9.88000011444092,9.88000011444092,0.0,3.52999997138977,1.32000005245209,5.03000020980835,0.0,50,31,264,775,2035,False,345,1120,69.19642857142857,"Highly active (12,500+)",1.0,304.0,320.0,True,Tuesday,False,16
1503960366,2016-04-20,10544,6.67999982833862,6.67999982833862,0.0,1.96000003814697,0.479999989271164,4.23999977111816,0.0,28,12,205,818,1786,False,245,1063,76.95202257761053,"Active (10,000-12,499)",1.0,360.0,377.0,True,Wednesday,False,16
1503960366,2016-04-21,9819,6.34000015258789,6.34000015258789,0.0,1.3400000333786,0.349999994039536,4.65000009536743,0.0,19,8,211,838,1775,False,238,1076,77.88104089219331,"Somewhat active (7,500-9,999)",1.0,325.0,364.0,True,Thursday,False,16
1503960366,2016-04-22,12764,8.13000011444092,8.13000011444092,0.0,4.76000022888184,1.12000000476837,2.24000000953674,0.0,66,27,130,1217,1827,False,223,1440,84.51388888888889,"Highly active (12,500+)",,,,False,Friday,False,16
1503960366,2016-04-23,14371,9.03999996185303,9.03999996185303,0.0,2.80999994277954,0.870000004768372,5.3600001335144,0.0,41,21,262,732,1949,False,324,1056,69.31818181818181,"Highly active (12,500+)",1.0,361.0,384.0,True,Saturday,True,16
1503960366,2016-04-24,10039,6.40999984741211,6.40999984741211,0.0,2.92000007629395,0.209999993443489,3.27999997138977,0.0,39,5,238,709,1788,False,282,991,71.54389505549949,"Active (10,000-12,499)",1.0,430.0,449.0,True,Sunday,True,16
1503960366,2016-04-25,15355,9.80000019073486,9.80000019073486,0.0,5.28999996185303,0.569999992847443,3.94000005722046,0.0,73,14,216,814,2013,False,303,1117,72.87376902417189,"Highly active (12,500+)",1.0,277.0,323.0,True,Monday,False,17
1503960366,2016-04-26,13755,8.78999996185303,8.78999996185303,0.0,2.32999992370605,0.920000016689301,5.53999996185303,0.0,31,23,279,833,1970,False,333,1166,71.44082332761577,"Highly active (12,500+)",1.0,245.0,274.0,True,Tuesday,False,17
1503960366,2016-04-27,18134,12.210000038147,12.210000038147,0.0,6.40000009536743,0.409999996423721,5.40999984741211,0.0,78,11,243,1108,2159,False,332,1440,76.94444444444444,"Highly active (12,500+)",,,,False,Wednesday,False,17
1503960366,2016-04-28,13154,8.52999973297119,8.52999973297119,0.0,3.53999996185303,1.1599999666214,3.78999996185303,0.0,48,28,189,782,1898,False,265,1047,74.68958930276982,"Highly active (12,500+)",1.0,366.0,393.0,True,Thursday,False,17
1503960366,2016-04-29,11181,7.15000009536743,7.15000009536743,0.0,1.05999994277954,0.5,5.57999992370605,0.0,16,12,243,815,1837,False,271,1086,75.04604051565377,"Active (10,000-12,499)",1.0,341.0,354.0,True,Friday,False,17
1503960366,2016-04-30,14673,9.25,9.25,0.0,3.55999994277954,1.41999995708466,4.26999998092651,0.0,52,34,217,712,1947,False,303,1015,70.14778325123153,"Highly active (12,500+)",1.0,404.0,425.0,True,Saturday,True,17
1503960366,2016-05-01,10602,6.80999994277954,6.80999994277954,0.0,2.28999996185303,1.60000002384186,2.92000007629395,0.0,33,35,246,730,1820,False,314,1044,69.92337164750958,"Active (10,000-12,499)",1.0,369.0,396.0,True,Sunday,True,17
1503960366,2016-05-02,14727,9.71000003814697,9.71000003814697,0.0,3.21000003814697,0.569999992847443,5.92000007629395,0.0,41,15,277,798,2004,False,333,1131,70.55702917771883,"Highly active (12,500+)",1.0,277.0,309.0,True,Monday,False,18
1503960366,2016-05-03,15103,9.65999984741211,9.65999984741211,0.0,3.73000001907349,1.04999995231628,4.88000011444092,0.0,50,24,254,816,1990,False,328,1144,71.32867132867133,"Highly active (12,500+)",1.0,273.0,296.0,True,Tuesday,False,18
1503960366,2016-05-04,11100,7.15000009536743,7.15000009536743,0.0,2.46000003814697,0.870000004768372,3.8199999332428,0.0,36,22,203,1179,1819,False,261,1440,81.875,"Active (10,000-12,499)",,,,False,Wednesday,False,18
1503960366,2016-05-05,14070,8.89999961853027,8.89999961853027,0.0,2.92000007629395,1.08000004291534,4.88000011444092,0.0,45,24,250,857,1959,False,319,1176,72.87414965986395,"Highly active (12,500+)",1.0,247.0,264.0,True,Thursday,False,18
1503960366,2016-05-06,12159,8.02999973297119,8.02999973297119,0.0,1.97000002861023,0.25,5.80999994277954,0.0,24,6,289,754,1896,False,319,1073,70.27027027027027,"Active (10,000-12,499)",1.0,334.0,367.0,True,Friday,False,18
1503960366,2016-05-07,11992,7.71000003814697,7.71000003814697,0.0,2.46000003814697,2.11999988555908,3.13000011444092,0.0,37,46,175,833,1821,False,258,1091,76.35197066911091,"Active (10,000-12,499)",1.0,331.0,349.0,True,Saturday,True,18
1503960366,2016-05-08,10060,6.57999992370605,6.57999992370605,0.0,3.52999997138977,0.319999992847443,2.73000001907349,0.0,44,8,203,574,1740,False,255,829,69.2400482509047,"Active (10,000-12,499)",1.0,594.0,611.0,True,Sunday,True,18
1503960366,2016-05-09,12022,7.71999979019165,7.71999979019165,0.0,3.45000004768372,0.529999971389771,3.74000000953674,0.0,46,11,206,835,1819,False,263,1098,76.04735883424408,"Active (10,000-12,499)",1.0,338.0,342.0,True,Monday,False,19
1503960366,2016-05-10,12207,7.76999998092651,7.76999998092651,0.0,3.34999990463257,1.1599999666214,3.25999999046326,0.0,46,31,214,746,1859,False,291,1037,71.93828351012536,"Active (10,000-12,499)",1.0,383.0,403.0,True,Tuesday,False,19
1503960366,2016-05-11,12770,8.13000011444092,8.13000011444092,0.0,2.55999994277954,1.00999999046326,4.55000019073486,0.0,36,23,251,669,1783,False,310,979,68.33503575076608,"Highly active (12,500+)",1.0,285.0,306.0,True,Wednesday,False,19
1503960366,2016-05-12,0,0.0,0.0,0.0,0.0,0.0,0.0,0.0,0,0,0,1440,0,True,0,1440,100.0,"Sedentary (<5,000)",,,,False,Thursday,False,19
1624580081,2016-04-12,8163,5.30999994277954,5.30999994277954,0.0,0.0,0.0,5.30999994277954,0.0,0,0,146,1294,1432,False,146,1440,89.86111111111111,"Somewhat active (7,500-9,999)",,,,False,Tuesday,False,15
1624580081,2016-04-13,7007,4.55000019073486,4.55000019073486,0.0,0.0,0.0,4.55000019073486,0.0,0,0,148,1292,1411,False,148,1440,89.72222222222223,"Low active (5,000-7,499)",,,,False,Wednesday,False,15
1624580081,2016-04-14,9107,5.92000007629395,5.92000007629395,0.0,0.0,0.0,5.90999984741211,0.0099999997764825,0,0,236,1204,1572,False,236,1440,83.61111111111111,"Somewhat active (7,500-9,999)",,,,False,Thursday,False,15
1624580081,2016-04-15,1510,0.980000019073486,0.980000019073486,0.0,0.0,0.0,0.970000028610229,0.0,0,0,96,1344,1344,False,96,1440,93.33333333333333,"Sedentary (<5,000)",,,,False,Friday,False,15
1624580081,2016-04-16,5370,3.49000000953674,3.49000000953674,0.0,0.0,0.0,3.49000000953674,0.0,0,0,176,1264,1463,False,176,1440,87.77777777777777,"Low active (5,000-7,499)",,,,False,Saturday,True,15
1624580081,2016-04-17,6175,4.05999994277954,4.05999994277954,0.0,1.02999997138977,1.51999998092651,1.49000000953674,0.0099999997764825,15,22,127,1276,1554,False,164,1440,88.61111111111111,"Low active (5,000-7,499)",,,,False,Sunday,True,15
1624580081,2016-04-18,10536,7.40999984741211,7.40999984741211,0.0,2.15000009536743,0.620000004768372,4.61999988555908,0.0099999997764825,17,7,202,1214,1604,False,226,1440,84.30555555555556,"Active (10,000-12,499)",,,,False,Monday,False,16
1624580081,2016-04-19,2916,1.89999997615814,1.89999997615814,0.0,0.0,0.0,1.89999997615814,0.0,0,0,141,1299,1435,False,141,1440,90.20833333333333,"Sedentary (<5,000)",,,,False,Tuesday,False,16
1624580081,2016-04-20,4974,3.23000001907349,3.23000001907349,0.0,0.0,0.0,3.23000001907349,0.0,0,0,151,1289,1446,False,151,1440,89.51388888888889,"Sedentary (<5,000)",,,,False,Wednesday,False,16
1624580081,2016-04-21,6349,4.13000011444092,4.13000011444092,0.0,0.0,0.0,4.1100001335144,0.0199999995529652,0,0,186,1254,1467,False,186,1440,87.08333333333333,"Low active (5,000-7,499)",,,,False,Thursday,False,16
1624580081,2016-04-22,4026,2.61999988555908,2.61999988555908,0.0,0.0,0.0,2.59999990463257,0.0,0,0,199,1241,1470,False,199,1440,86.18055555555556,"Sedentary (<5,000)",,,,False,Friday,False,16
1624580081,2016-04-23,8538,5.55000019073486,5.55000019073486,0.0,0.0,0.0,5.53999996185303,0.0099999997764825,0,0,227,1213,1562,False,227,1440,84.23611111111111,"Somewhat active (7,500-9,999)",,,,False,Saturday,True,16
1624580081,2016-04-24,6076,3.95000004768372,3.95000004768372,0.0,1.14999997615814,0.910000026226044,1.88999998569489,0.0,16,18,185,1221,1617,False,219,1440,84.79166666666667,"Low active (5,000-7,499)",,,,False,Sunday,True,16
1624580081,2016-04-25,6497,4.21999979019165,4.21999979019165,0.0,0.0,0.0,4.19999980926514,0.0199999995529652,0,0,202,1238,1492,False,202,1440,85.97222222222223,"Low active (5,000-7,499)",,,,False,Monday,False,17
1624580081,2016-04-26,2826,1.8400000333786,1.8400000333786,0.0,0.0,0.0,1.83000004291534,0.0099999997764825,0,0,140,1300,1402,False,140,1440,90.27777777777777,"Sedentary (<5,000)",,,,False,Tuesday,False,17
1624580081,2016-04-27,8367,5.44000005722046,5.44000005722046,0.0,1.11000001430511,1.87000000476837,2.46000003814697,0.0,17,36,154,1233,1670,False,207,1440,85.625,"Somewhat active (7,500-9,999)",,,,False,Wednesday,False,17
1624580081,2016-04-28,2759,1.78999996185303,1.78999996185303,0.0,0.0,0.200000002980232,1.60000002384186,0.0,0,5,115,1320,1401,False,120,1440,91.66666666666667,"Sedentary (<5,000)",,,,False,Thursday,False,17
1624580081,2016-04-29,2390,1.54999995231628,1.54999995231628,0.0,0.0,0.0,1.54999995231628,0.0,0,0,150,1290,1404,False,150,1440,89.58333333333333,"Sedentary (<5,000)",,,,False,Friday,False,17
1624580081,2016-04-30,6474,4.30000019073486,4.30000019073486,0.0,0.899999976158142,1.27999997138977,2.11999988555908,0.0099999997764825,11,23,224,1182,1655,False,258,1440,82.08333333333333,"Low active (5,000-7,499)",,,,False,Saturday,True,17
1624580081,2016-05-01,36019,28.0300006866455,28.0300006866455,0.0,21.9200000762939,4.19000005722046,1.9099999666214,0.0199999995529652,186,63,171,1020,2690,False,420,1440,70.83333333333333,"Highly active (12,500+)",,,,False,Sunday,True,17
1624580081,2016-05-02,7155,4.92999982833862,4.92999982833862,0.0,0.860000014305115,0.589999973773956,3.47000002861023,0.0,7,6,166,1261,1497,False,179,1440,87.56944444444444,"Low active (5,000-7,499)",,,,False,Monday,False,18
1624580081,2016-05-03,2100,1.37000000476837,1.37000000476837,0.0,0.0,0.0,1.3400000333786,0.0199999995529652,0,0,96,1344,1334,False,96,1440,93.33333333333333,"Sedentary (<5,000)",,,,False,Tuesday,False,18
1624580081,2016-05-04,2193,1.42999994754791,1.42999994754791,0.0,0.0,0.0,1.41999995708466,0.0,0,0,118,1322,1368,False,118,1440,91.80555555555556,"Sedentary (<5,000)",,,,False,Wednesday,False,18
1624580081,2016-05-05,2470,1.61000001430511,1.61000001430511,0.0,0.0,0.0,1.58000004291534,0.0199999995529652,0,0,117,1323,1370,False,117,1440,91.875,"Sedentary (<5,000)",,,,False,Thursday,False,18
1624580081,2016-05-06,1727,1.12000000476837,1.12000000476837,0.0,0.0,0.0,1.12000000476837,0.0099999997764825,0,0,102,1338,1341,False,102,1440,92.91666666666667,"Sedentary (<5,000)",,,,False,Friday,False,18
1624580081,2016-05-07,2104,1.37000000476837,1.37000000476837,0.0,0.0,0.0,1.37000000476837,0.0,0,0,182,1258,1474,False,182,1440,87.36111111111111,"Sedentary (<5,000)",,,,False,Saturday,True,18
1624580081,2016-05-08,3427,2.23000001907349,2.23000001907349,0.0,0.0,0.0,2.22000002861023,0.0,0,0,152,1288,1427,False,152,1440,89.44444444444444,"Sedentary (<5,000)",,,,False,Sunday,True,18
1624580081,2016-05-09,1732,1.12999999523163,1.12999999523163,0.0,0.0,0.0,1.12999999523163,0.0,0,0,91,1349,1328,False,91,1440,93.68055555555556,"Sedentary (<5,000)",,,,False,Monday,False,19
1624580081,2016-05-10,2969,1.92999994754791,1.92999994754791,0.0,0.0,0.0,1.91999995708466,0.0099999997764825,0,0,139,1301,1393,False,139,1440,90.34722222222223,"Sedentary (<5,000)",,,,False,Tuesday,False,19
1624580081,2016-05-11,3134,2.03999996185303,2.03999996185303,0.0,0.0,0.0,2.03999996185303,0.0,0,0,112,1328,1359,False,112,1440,92.22222222222223,"Sedentary (<5,000)",,,,False,Wednesday,False,19
1624580081,2016-05-12,2971,1.92999994754791,1.92999994754791,0.0,0.0,0.0,1.91999995708466,0.0099999997764825,0,0,107,890,1002,False,107,997,89.2678034102307,"Sedentary (<5,000)",,,,False,Thursday,False,19
1644430081,2016-04-12,10694,7.76999998092651,7.76999998092651,0.0,0.140000000596046,2.29999995231628,5.32999992370605,0.0,2,51,256,1131,3199,False,309,1440,78.54166666666667,"Active (10,000-12,499)",,,,False,Tuesday,False,15
1644430081,2016-04-13,8001,5.82000017166138,5.82000017166138,0.0,2.27999997138977,0.899999976158142,2.64000010490417,0.0,30,16,135,1259,2902,False,181,1440,87.43055555555556,"Somewhat active (7,500-9,999)",,,,False,Wednesday,False,15
1644430081,2016-04-14,11037,8.02000045776367,8.02000045776367,0.0,0.360000014305115,2.55999994277954,5.09999990463257,0.0,5,58,252,1125,3226,False,315,1440,78.125,"Active (10,000-12,499)",,,,False,Thursday,False,15
1644430081,2016-04-15,5263,3.82999992370605,3.82999992370605,0.0,0.219999998807907,0.150000005960464,3.45000004768372,0.0,3,4,170,1263,2750,False,177,1440,87.70833333333333,"Low active (5,000-7,499)",,,,False,Friday,False,15
1644430081,2016-04-16,15300,11.1199998855591,11.1199998855591,0.0,4.09999990463257,1.87999999523163,5.09000015258789,0.0,51,42,212,1135,3493,False,305,1440,78.81944444444444,"Highly active (12,500+)",,,,False,Saturday,True,15
1644430081,2016-04-17,8757,6.36999988555908,6.36999988555908,0.0,2.25,0.569999992847443,3.54999995231628,0.0,29,13,186,1212,3011,False,228,1440,84.16666666666667,"Somewhat active (7,500-9,999)",,,,False,Sunday,True,15
1644430081,2016-04-18,7132,5.19000005722046,5.19000005722046,0.0,1.07000005245209,1.66999995708466,2.45000004768372,0.0,15,33,121,1271,2806,False,169,1440,88.26388888888889,"Low active (5,000-7,499)",,,,False,Monday,False,16
1644430081,2016-04-19,11256,8.18000030517578,8.18000030517578,0.0,0.360000014305115,2.52999997138977,5.30000019073486,0.0,5,58,278,1099,3300,False,341,1440,76.31944444444444,"Active (10,000-12,499)",,,,False,Tuesday,False,16
1644430081,2016-04-20,2436,1.76999998092651,1.76999998092651,0.0,0.0,0.0,1.75999999046326,0.0099999997764825,0,0,125,1315,2430,False,125,1440,91.31944444444444,"Sedentary (<5,000)",,,,False,Wednesday,False,16
1644430081,2016-04-21,1223,0.889999985694885,0.889999985694885,0.0,0.0,0.0,0.879999995231628,0.0099999997764825,0,0,38,1402,2140,False,38,1440,97.36111111111111,"Sedentary (<5,000)",,,,False,Thursday,False,16
1644430081,2016-04-22,3673,2.67000007629395,2.67000007629395,0.0,0.0,0.0,2.66000008583069,0.0099999997764825,0,0,86,1354,2344,False,86,1440,94.02777777777777,"Sedentary (<5,000)",,,,False,Friday,False,16
1644430081,2016-04-23,6637,4.82999992370605,4.82999992370605,0.0,0.0,0.579999983310699,4.25,0.0,0,15,160,1265,2677,False,175,1440,87.84722222222223,"Low active (5,000-7,499)",,,,False,Saturday,True,16
1644430081,2016-04-24,3321,2.41000008583069,2.41000008583069,0.0,0.0,0.0,2.41000008583069,0.0,0,0,89,1351,2413,False,89,1440,93.81944444444444,"Sedentary (<5,000)",,,,False,Sunday,True,16
1644430081,2016-04-25,3580,2.59999990463257,2.59999990463257,0.0,0.589999973773956,0.0599999986588955,1.95000004768372,0.0,8,1,94,1337,2497,False,103,1440,92.84722222222223,"Sedentary (<5,000)",,,,False,Monday,False,17
1644430081,2016-04-26,9919,7.21000003814697,7.21000003814697,0.0,0.800000011920929,1.72000002861023,4.69000005722046,0.0,11,41,223,1165,3123,False,275,1440,80.90277777777777,"Somewhat active (7,500-9,999)",,,,False,Tuesday,False,17
1644430081,2016-04-27,3032,2.20000004768372,2.20000004768372,0.0,0.0,0.0,2.20000004768372,0.0,0,0,118,1322,2489,False,118,1440,91.80555555555556,"Sedentary (<5,000)",,,,False,Wednesday,False,17
1644430081,2016-04-28,9405,6.84000015258789,6.84000015258789,0.0,0.200000002980232,2.3199999332428,4.30999994277954,0.0,3,53,227,1157,3108,False,283,1440,80.34722222222223,"Somewhat active (7,500-9,999)",,,,False,Thursday,False,17
1644430081,2016-04-29,3176,2.30999994277954,2.30999994277954,0.0,0.0,0.0,2.30999994277954,0.0,0,0,120,1193,2498,False,120,1313,90.86062452399086,"Sedentary (<5,000)",1.0,119.0,127.0,True,Friday,False,17
1644430081,2016-04-30,18213,13.2399997711182,13.2399997711182,0.0,0.629999995231628,3.14000010490417,9.46000003814697,0.0,9,71,402,816,3846,False,482,1298,62.865947611710325,"Highly active (12,500+)",1.0,124.0,142.0,True,Saturday,True,17
1644430081,2016-05-01,6132,4.46000003814697,4.46000003814697,0.0,0.239999994635582,0.990000009536743,3.23000001907349,0.0,3,24,146,908,2696,False,173,1081,83.99629972247918,"Low active (5,000-7,499)",,,,False,Sunday,True,17
1644430081,2016-05-02,3758,2.73000001907349,2.73000001907349,0.0,0.0700000002980232,0.310000002384186,2.34999990463257,0.0,1,7,148,682,2580,False,156,838,81.38424821002387,"Sedentary (<5,000)",1.0,796.0,961.0,True,Monday,False,18
1644430081,2016-05-03,12850,9.34000015258789,9.34000015258789,0.0,0.720000028610229,4.09000015258789,4.53999996185303,0.0,10,94,221,1115,3324,False,325,1440,77.43055555555556,"Highly active (12,500+)",,,,False,Tuesday,False,18
1644430081,2016-05-04,2309,1.67999994754791,1.67999994754791,0.0,0.0,0.0,1.6599999666214,0.0199999995529652,0,0,52,1388,2222,False,52,1440,96.38888888888889,"Sedentary (<5,000)",,,,False,Wednesday,False,18
1644430081,2016-05-05,4363,3.19000005722046,3.19000005722046,0.0,0.519999980926514,0.540000021457672,2.13000011444092,0.0099999997764825,6,12,81,1341,2463,False,99,1440,93.125,"Sedentary (<5,000)",,,,False,Thursday,False,18
1644430081,2016-05-06,9787,7.11999988555908,7.11999988555908,0.0,0.819999992847443,0.270000010728836,6.01000022888184,0.0199999995529652,11,6,369,1054,3328,False,386,1440,73.19444444444444,"Somewhat active (7,500-9,999)",,,,False,Friday,False,18
1644430081,2016-05-07,13372,9.72000026702881,9.72000026702881,0.0,3.25999999046326,0.790000021457672,5.67000007629395,0.0099999997764825,41,17,243,1139,3404,False,301,1440,79.09722222222223,"Highly active (12,500+)",,,,False,Saturday,True,18
1644430081,2016-05-08,6724,4.8899998664856,4.8899998664856,0.0,0.0,0.0,4.88000011444092,0.0,0,0,295,991,2987,False,295,1286,77.06065318818041,"Low active (5,000-7,499)",1.0,137.0,154.0,True,Sunday,True,18
1644430081,2016-05-09,6643,4.82999992370605,4.82999992370605,0.0,2.39000010490417,0.349999994039536,2.08999991416931,0.0099999997764825,32,6,303,1099,3008,False,341,1440,76.31944444444444,"Low active (5,000-7,499)",,,,False,Monday,False,19
1644430081,2016-05-10,9167,6.65999984741211,6.65999984741211,0.0,0.879999995231628,0.810000002384186,4.96999979019165,0.0099999997764825,12,19,155,1254,2799,False,186,1440,87.08333333333333,"Somewhat active (7,500-9,999)",,,,False,Tuesday,False,19
1644430081,2016-05-11,1329,0.970000028610229,0.970000028610229,0.0,0.0,0.0,0.949999988079071,0.0099999997764825,0,0,49,713,1276,False,49,762,93.56955380577428,"Sedentary (<5,000)",,,,False,Wednesday,False,19
1844505072,2016-04-12,6697,4.42999982833862,4.42999982833862,0.0,0.0,0.0,4.42999982833862,0.0,0,0,339,1101,2030,False,339,1440,76.45833333333333,"Low active (5,000-7,499)",,,,False,Tuesday,False,15
1844505072,2016-04-13,4929,3.25999999046326,3.25999999046326,0.0,0.0,0.0,3.25999999046326,0.0,0,0,248,1192,1860,False,248,1440,82.77777777777777,"Sedentary (<5,000)",,,,False,Wednesday,False,15
1844505072,2016-04-14,7937,5.25,5.25,0.0,0.0,0.0,5.23000001907349,0.0,0,0,373,843,2130,False,373,1216,69.32565789473684,"Somewhat active (7,500-9,999)",,,,False,Thursday,False,15
1844505072,2016-04-15,3844,2.53999996185303,2.53999996185303,0.0,0.0,0.0,2.53999996185303,0.0,0,0,176,527,1725,False,176,703,74.96443812233287,"Sedentary (<5,000)",1.0,644.0,961.0,True,Friday,False,15
1844505072,2016-04-16,3414,2.25999999046326,2.25999999046326,0.0,0.0,0.0,2.25999999046326,0.0,0,0,147,1293,1657,False,147,1440,89.79166666666667,"Sedentary (<5,000)",,,,False,Saturday,True,15
1844505072,2016-04-17,4525,2.99000000953674,2.99000000953674,0.0,0.140000000596046,0.259999990463257,2.58999991416931,0.0,2,8,199,1231,1793,False,209,1440,85.48611111111111,"Sedentary (<5,000)",,,,False,Sunday,True,15
1844505072,2016-04-18,4597,3.03999996185303,3.03999996185303,0.0,0.0,0.479999989271164,2.55999994277954,0.0,0,12,217,1211,1814,False,229,1440,84.09722222222223,"Sedentary (<5,000)",,,,False,Monday,False,16
1844505072,2016-04-19,197,0.129999995231628,0.129999995231628,0.0,0.0,0.0,0.129999995231628,0.0,0,0,10,1430,1366,False,10,1440,99.30555555555556,"Sedentary (<5,000)",,,,False,Tuesday,False,16
1844505072,2016-04-20,8,0.0099999997764825,0.0099999997764825,0.0,0.0,0.0,0.0099999997764825,0.0,0,0,1,1439,1349,False,1,1440,99.93055555555556,"Sedentary (<5,000)",,,,False,Wednesday,False,16
1844505072,2016-04-21,8054,5.32000017166138,5.32000017166138,0.0,0.119999997317791,0.519999980926514,4.67999982833862,0.0,2,13,308,1117,2062,False,323,1440,77.56944444444444,"Somewhat active (7,500-9,999)",,,,False,Thursday,False,16
1844505072,2016-04-22,5372,3.54999995231628,3.54999995231628,0.0,0.0,0.0,3.54999995231628,0.0,0,0,220,1220,1827,False,220,1440,84.72222222222223,"Low active (5,000-7,499)",,,,False,Friday,False,16
1844505072,2016-04-23,3570,2.35999989509583,2.35999989509583,0.0,0.0,0.0,2.35999989509583,0.0,0,0,139,1301,1645,False,139,1440,90.34722222222223,"Sedentary (<5,000)",,,,False,Saturday,True,16
1844505072,2016-04-24,0,0.0,0.0,0.0,0.0,0.0,0.0,0.0,0,0,0,1440,1347,True,0,1440,100.0,"Sedentary (<5,000)",,,,False,Sunday,True,16
1844505072,2016-04-25,0,0.0,0.0,0.0,0.0,0.0,0.0,0.0,0,0,0,1440,1347,True,0,1440,100.0,"Sedentary (<5,000)",,,,False,Monday,False,17
1844505072,2016-04-26,0,0.0,0.0,0.0,0.0,0.0,0.0,0.0,0,0,0,1440,1347,True,0,1440,100.0,"Sedentary (<5,000)",,,,False,Tuesday,False,17
1844505072,2016-04-27,4,0.0,0.0,0.0,0.0,0.0,0.0,0.0,0,0,1,1439,1348,False,1,1440,99.93055555555556,"Sedentary (<5,000)",,,,False,Wednesday,False,17
1844505072,2016-04-28,6907,4.57000017166138,4.57000017166138,0.0,0.0,0.0,4.55999994277954,0.0,0,0,302,1138,1992,False,302,1440,79.02777777777777,"Low active (5,000-7,499)",,,,False,Thursday,False,17
1844505072,2016-04-29,4920,3.25,3.25,0.0,0.0,0.0,3.25,0.0,0,0,247,1082,1856,False,247,1329,81.41459744168547,"Sedentary (<5,000)",,,,False,Friday,False,17
1844505072,2016-04-30,4014,2.67000007629395,2.67000007629395,0.0,0.0,0.0,2.65000009536743,0.0,0,0,184,218,1763,False,184,402,54.22885572139303,"Sedentary (<5,000)",1.0,722.0,961.0,True,Saturday,True,17
1844505072,2016-05-01,2573,1.70000004768372,1.70000004768372,0.0,0.0,0.259999990463257,1.45000004768372,0.0,0,7,75,585,1541,False,82,667,87.70614692653673,"Sedentary (<5,000)",1.0,590.0,961.0,True,Sunday,True,17
1844505072,2016-05-02,0,0.0,0.0,0.0,0.0,0.0,0.0,0.0,0,0,0,1440,1348,True,0,1440,100.0,"Sedentary (<5,000)",,,,False,Monday,False,18
1844505072,2016-05-03,4059,2.6800000667572,2.6800000667572,0.0,0.0,0.0,2.6800000667572,0.0,0,0,184,1256,1742,False,184,1440,87.22222222222223,"Sedentary (<5,000)",,,,False,Tuesday,False,18
1844505072,2016-05-04,2080,1.37000000476837,1.37000000476837,0.0,0.0,0.0,1.37000000476837,0.0,0,0,87,1353,1549,False,87,1440,93.95833333333333,"Sedentary (<5,000)",,,,False,Wednesday,False,18
1844505072,2016-05-05,2237,1.48000001907349,1.48000001907349,0.0,0.0,0.0,1.48000001907349,0.0,0,0,120,1320,1589,False,120,1440,91.66666666666667,"Sedentary (<5,000)",,,,False,Thursday,False,18
1844505072,2016-05-06,44,0.0299999993294477,0.0299999993294477,0.0,0.0,0.0,0.0299999993294477,0.0,0,0,2,1438,1351,False,2,1440,99.86111111111111,"Sedentary (<5,000)",,,,False,Friday,False,18
1844505072,2016-05-07,0,0.0,0.0,0.0,0.0,0.0,0.0,0.0,0,0,0,1440,1347,True,0,1440,100.0,"Sedentary (<5,000)",,,,False,Saturday,True,18
1844505072,2016-05-08,0,0.0,0.0,0.0,0.0,0.0,0.0,0.0,0,0,0,1440,1347,True,0,1440,100.0,"Sedentary (<5,000)",,,,False,Sunday,True,18
1844505072,2016-05-09,0,0.0,0.0,0.0,0.0,0.0,0.0,0.0,0,0,0,1440,1347,True,0,1440,100.0,"Sedentary (<5,000)",,,,False,Monday,False,19
1844505072,2016-05-10,0,0.0,0.0,0.0,0.0,0.0,0.0,0.0,0,0,0,1440,1347,True,0,1440,100.0,"Sedentary (<5,000)",,,,False,Tuesday,False,19
1844505072,2016-05-11,0,0.0,0.0,0.0,0.0,0.0,0.0,0.0,0,0,0,1440,1347,True,0,1440,100.0,"Sedentary (<5,000)",,,,False,Wednesday,False,19
1844505072,2016-05-12,0,0.0,0.0,0.0,0.0,0.0,0.0,0.0,0,0,0,711,665,False,0,711,100.0,"Sedentary (<5,000)",,,,False,Thursday,False,19
1927972279,2016-04-12,678,0.469999998807907,0.469999998807907,0.0,0.0,0.0,0.469999998807907,0.0,0,0,55,734,2220,False,55,789,93.02915082382764,"Sedentary (<5,000)",3.0,750.0,775.0,True,Tuesday,False,15
1927972279,2016-04-13,356,0.25,0.25,0.0,0.0,0.0,0.25,0.0,0,0,32,986,2151,False,32,1018,96.8565815324165,"Sedentary (<5,000)",1.0,398.0,422.0,True,Wednesday,False,15
1927972279,2016-04-14,2163,1.5,1.5,0.0,0.0,0.400000005960464,1.10000002384186,0.0,0,9,88,1292,2383,False,97,1389,93.01655867530597,"Sedentary (<5,000)",,,,False,Thursday,False,15
1927972279,2016-04-15,980,0.680000007152557,0.680000007152557,0.0,0.0,0.0,0.680000007152557,0.0,0,0,51,941,2221,False,51,992,94.85887096774194,"Sedentary (<5,000)",2.0,475.0,499.0,True,Friday,False,15
1927972279,2016-04-16,0,0.0,0.0,0.0,0.0,0.0,0.0,0.0,0,0,0,1440,2064,True,0,1440,100.0,"Sedentary (<5,000)",,,,False,Saturday,True,15
1927972279,2016-04-17,0,0.0,0.0,0.0,0.0,0.0,0.0,0.0,0,0,0,1440,2063,True,0,1440,100.0,"Sedentary (<5,000)",,,,False,Sunday,True,15
1927972279,2016-04-18,244,0.170000001788139,0.170000001788139,0.0,0.0,0.0,0.170000001788139,0.0,0,0,17,1423,2111,False,17,1440,98.81944444444444,"Sedentary (<5,000)",,,,False,Monday,False,16
1927972279,2016-04-19,0,0.0,0.0,0.0,0.0,0.0,0.0,0.0,0,0,0,1440,2063,True,0,1440,100.0,"Sedentary (<5,000)",,,,False,Tuesday,False,16
1927972279,2016-04-20,0,0.0,0.0,0.0,0.0,0.0,0.0,0.0,0,0,0,1440,2063,True,0,1440,100.0,"Sedentary (<5,000)",,,,False,Wednesday,False,16
1927972279,2016-04-21,0,0.0,0.0,0.0,0.0,0.0,0.0,0.0,0,0,0,1440,2064,True,0,1440,100.0,"Sedentary (<5,000)",,,,False,Thursday,False,16
1927972279,2016-04-22,149,0.100000001490116,0.100000001490116,0.0,0.0,0.0,0.100000001490116,0.0,0,0,10,1430,2093,False,10,1440,99.30555555555556,"Sedentary (<5,000)",,,,False,Friday,False,16
1927972279,2016-04-23,2945,2.03999996185303,2.03999996185303,0.0,0.0,0.0,2.03999996185303,0.0,0,0,145,1295,2499,False,145,1440,89.93055555555556,"Sedentary (<5,000)",,,,False,Saturday,True,16
1927972279,2016-04-24,2090,1.45000004768372,1.45000004768372,0.0,0.0700000002980232,0.239999994635582,1.13999998569489,0.0,1,6,75,1358,2324,False,82,1440,94.30555555555556,"Sedentary (<5,000)",,,,False,Sunday,True,16
1927972279,2016-04-25,152,0.109999999403954,0.109999999403954,0.0,0.0,0.0,0.109999999403954,0.0,0,0,12,1303,2100,False,12,1315,99.08745247148289,"Sedentary (<5,000)",,,,False,Monday,False,17
1927972279,2016-04-26,3761,2.59999990463257,2.59999990463257,0.0,0.0,0.0,2.59999990463257,0.0,0,0,192,1058,2638,False,192,1250,84.64,"Sedentary (<5,000)",1.0,296.0,315.0,True,Tuesday,False,17
1927972279,2016-04-27,0,0.0,0.0,0.0,0.0,0.0,0.0,0.0,0,0,0,1440,2063,True,0,1440,100.0,"Sedentary (<5,000)",,,,False,Wednesday,False,17
1927972279,2016-04-28,1675,1.1599999666214,1.1599999666214,0.0,0.0,0.0,1.1599999666214,0.0,0,0,95,1167,2351,False,95,1262,92.47226624405705,"Sedentary (<5,000)",1.0,166.0,178.0,True,Thursday,False,17
1927972279,2016-04-29,0,0.0,0.0,0.0,0.0,0.0,0.0,0.0,0,0,0,1440,2063,True,0,1440,100.0,"Sedentary (<5,000)",,,,False,Friday,False,17
1927972279,2016-04-30,0,0.0,0.0,0.0,0.0,0.0,0.0,0.0,0,0,0,1440,2064,True,0,1440,100.0,"Sedentary (<5,000)",,,,False,Saturday,True,17
1927972279,2016-05-01,2704,1.87000000476837,1.87000000476837,0.0,1.00999999046326,0.0299999993294477,0.829999983310699,0.0,14,1,70,1355,2411,False,85,1440,94.09722222222223,"Sedentary (<5,000)",,,,False,Sunday,True,17
1927972279,2016-05-02,3790,2.61999988555908,2.61999988555908,0.0,1.1599999666214,0.300000011920929,1.1599999666214,0.0,16,8,94,1322,2505,False,118,1440,91.80555555555556,"Sedentary (<5,000)",,,,False,Monday,False,18
1927972279,2016-05-03,1326,0.920000016689301,0.920000016689301,0.0,0.730000019073486,0.0,0.180000007152557,0.0,10,0,17,1413,2195,False,27,1440,98.125,"Sedentary (<5,000)",,,,False,Tuesday,False,18
1927972279,2016-05-04,1786,1.24000000953674,1.24000000953674,0.0,0.0,0.0,1.24000000953674,0.0,0,0,87,1353,2338,False,87,1440,93.95833333333333,"Sedentary (<5,000)",,,,False,Wednesday,False,18
1927972279,2016-05-05,0,0.0,0.0,0.0,0.0,0.0,0.0,0.0,0,0,0,1440,2063,True,0,1440,100.0,"Sedentary (<5,000)",,,,False,Thursday,False,18
1927972279,2016-05-06,2091,1.45000004768372,1.45000004768372,0.0,0.0,0.0,1.45000004768372,0.0,0,0,108,1332,2383,False,108,1440,92.5,"Sedentary (<5,000)",,,,False,Friday,False,18
1927972279,2016-05-07,1510,1.03999996185303,1.03999996185303,0.0,0.0,0.0,1.03999996185303,0.0,0,0,48,1392,2229,False,48,1440,96.66666666666667,"Sedentary (<5,000)",,,,False,Saturday,True,18
1927972279,2016-05-08,0,0.0,0.0,0.0,0.0,0.0,0.0,0.0,0,0,0,1440,2063,True,0,1440,100.0,"Sedentary (<5,000)",,,,False,Sunday,True,18
1927972279,2016-05-09,0,0.0,0.0,0.0,0.0,0.0,0.0,0.0,0,0,0,1440,2063,True,0,1440,100.0,"Sedentary (<5,000)",,,,False,Monday,False,19
1927972279,2016-05-10,0,0.0,0.0,0.0,0.0,0.0,0.0,0.0,0,0,0,1440,2063,True,0,1440,100.0,"Sedentary (<5,000)",,,,False,Tuesday,False,19
1927972279,2016-05-11,0,0.0,0.0,0.0,0.0,0.0,0.0,0.0,0,0,0,1440,2063,True,0,1440,100.0,"Sedentary (<5,000)",,,,False,Wednesday,False,19
1927972279,2016-05-12,0,0.0,0.0,0.0,0.0,0.0,0.0,0.0,0,0,0,966,1383,False,0,966,100.0,"Sedentary (<5,000)",,,,False,Thursday,False,19
2022484408,2016-04-12,11875,8.34000015258789,8.34000015258789,0.0,3.30999994277954,0.769999980926514,4.26000022888184,0.0,42,14,227,1157,2390,False,283,1440,80.34722222222223,"Active (10,000-12,499)",,,,False,Tuesday,False,15
2022484408,2016-04-13,12024,8.5,8.5,0.0,2.99000000953674,0.100000001490116,5.40999984741211,0.0,43,5,292,1100,2601,False,340,1440,76.38888888888889,"Active (10,000-12,499)",,,,False,Wednesday,False,15
2022484408,2016-04-14,10690,7.5,7.5,0.0,2.48000001907349,0.209999993443489,4.82000017166138,0.0,32,3,257,1148,2312,False,292,1440,79.72222222222223,"Active (10,000-12,499)",,,,False,Thursday,False,15
2022484408,2016-04-15,11034,8.02999973297119,8.02999973297119,0.0,1.94000005722046,0.310000002384186,5.78000020980835,0.0,27,9,282,1122,2525,False,318,1440,77.91666666666667,"Active (10,000-12,499)",,,,False,Friday,False,15
2022484408,2016-04-16,10100,7.09000015258789,7.09000015258789,0.0,3.15000009536743,0.550000011920929,3.39000010490417,0.0,41,11,151,1237,2177,False,203,1440,85.90277777777777,"Active (10,000-12,499)",,,,False,Saturday,True,15
2022484408,2016-04-17,15112,11.3999996185303,11.3999996185303,0.0,3.86999988555908,0.660000026226044,6.88000011444092,0.0,28,29,331,1052,2782,False,388,1440,73.05555555555556,"Highly active (12,500+)",,,,False,Sunday,True,15
2022484408,2016-04-18,14131,10.0699996948242,10.0699996948242,0.0,3.64000010490417,0.119999997317791,6.30000019073486,0.0,48,3,311,1078,2770,False,362,1440,74.86111111111111,"Highly active (12,500+)",,,,False,Monday,False,16
2022484408,2016-04-19,11548,8.52999973297119,8.52999973297119,0.0,3.28999996185303,0.239999994635582,5.0,0.0,31,7,250,1152,2489,False,288,1440,80.0,"Active (10,000-12,499)",,,,False,Tuesday,False,16
2022484408,2016-04-20,15112,10.6700000762939,10.6700000762939,0.0,3.33999991416931,1.92999994754791,5.40000009536743,0.0,48,63,276,1053,2897,False,387,1440,73.125,"Highly active (12,500+)",,,,False,Wednesday,False,16
2022484408,2016-04-21,12453,8.73999977111816,8.73999977111816,0.0,3.32999992370605,1.11000001430511,4.30999994277954,0.0,104,53,255,1028,3158,False,412,1440,71.38888888888889,"Active (10,000-12,499)",,,,False,Thursday,False,16
2022484408,2016-04-22,12954,9.32999992370605,9.32999992370605,0.0,4.42999982833862,0.419999986886978,4.46999979019165,0.0,52,10,273,1105,2638,False,335,1440,76.73611111111111,"Highly active (12,500+)",,,,False,Friday,False,16
2022484408,2016-04-23,6001,4.21000003814697,4.21000003814697,0.0,0.0,0.0,4.21000003814697,0.0,0,0,249,1191,2069,False,249,1440,82.70833333333333,"Low active (5,000-7,499)",,,,False,Saturday,True,16
2022484408,2016-04-24,13481,10.2799997329712,10.2799997329712,0.0,4.55000019073486,1.14999997615814,4.57999992370605,0.0,37,26,216,1161,2529,False,279,1440,80.625,"Highly active (12,500+)",,,,False,Sunday,True,16
2022484408,2016-04-25,11369,8.01000022888184,8.01000022888184,0.0,3.32999992370605,0.219999998807907,4.46000003814697,0.0,44,8,217,1171,2470,False,269,1440,81.31944444444444,"Active (10,000-12,499)",,,,False,Monday,False,17
2022484408,2016-04-26,10119,7.19000005722046,7.19000005722046,0.0,1.42999994754791,0.660000026226044,5.1100001335144,0.0,55,24,275,1086,2793,False,354,1440,75.41666666666667,"Active (10,000-12,499)",,,,False,Tuesday,False,17
2022484408,2016-04-27,10159,7.13000011444092,7.13000011444092,0.0,1.03999996185303,0.970000028610229,5.11999988555908,0.0,19,20,282,1119,2463,False,321,1440,77.70833333333333,"Active (10,000-12,499)",,,,False,Wednesday,False,17
2022484408,2016-04-28,10140,7.11999988555908,7.11999988555908,0.0,0.409999996423721,1.33000004291534,5.3899998664856,0.0,6,20,291,1123,2296,False,317,1440,77.98611111111111,"Active (10,000-12,499)",,,,False,Thursday,False,17
2022484408,2016-04-29,10245,7.19000005722046,7.19000005722046,0.0,0.479999989271164,1.21000003814697,5.5,0.0,21,40,281,1098,2611,False,342,1440,76.25,"Active (10,000-12,499)",,,,False,Friday,False,17
2022484408,2016-04-30,18387,12.9099998474121,12.9099998474121,0.0,0.939999997615814,1.39999997615814,10.5699996948242,0.0,13,23,361,1043,2732,False,397,1440,72.43055555555556,"Highly active (12,500+)",,,,False,Saturday,True,17
2022484408,2016-05-01,10538,7.40000009536743,7.40000009536743,0.0,1.94000005722046,0.959999978542328,4.5,0.0,25,28,245,1142,2380,False,298,1440,79.30555555555556,"Active (10,000-12,499)",,,,False,Sunday,True,17
2022484408,2016-05-02,10379,7.28999996185303,7.28999996185303,0.0,2.60999989509583,0.340000003576279,4.32999992370605,0.0,36,8,277,1119,2473,False,321,1440,77.70833333333333,"Active (10,000-12,499)",,,,False,Monday,False,18
2022484408,2016-05-03,12183,8.73999977111816,8.73999977111816,0.0,3.99000000953674,0.46000000834465,4.28000020980835,0.0,72,14,250,1104,2752,False,336,1440,76.66666666666667,"Active (10,000-12,499)",,,,False,Tuesday,False,18
2022484408,2016-05-04,11768,8.28999996185303,8.28999996185303,0.0,2.50999999046326,0.930000007152557,4.84999990463257,0.0,36,27,272,1105,2649,False,335,1440,76.73611111111111,"Active (10,000-12,499)",,,,False,Wednesday,False,18
2022484408,2016-05-05,11895,8.35000038146973,8.35000038146973,0.0,2.78999996185303,0.860000014305115,4.69999980926514,0.0,55,20,253,1112,2609,False,328,1440,77.22222222222223,"Active (10,000-12,499)",,,,False,Thursday,False,18
2022484408,2016-05-06,10227,7.17999982833862,7.17999982833862,0.0,1.87000000476837,0.670000016689301,4.6399998664856,0.0,24,17,295,1104,2498,False,336,1440,76.66666666666667,"Active (10,000-12,499)",,,,False,Friday,False,18
2022484408,2016-05-07,6708,4.71000003814697,4.71000003814697,0.0,1.61000001430511,0.0799999982118607,3.01999998092651,0.0,20,2,149,1269,1995,False,171,1440,88.125,"Low active (5,000-7,499)",,,,False,Saturday,True,18
2022484408,2016-05-08,3292,2.30999994277954,2.30999994277954,0.0,0.0,0.0,2.30999994277954,0.0,0,0,135,1305,1848,False,135,1440,90.625,"Sedentary (<5,000)",,,,False,Sunday,True,18
2022484408,2016-05-09,13379,9.39000034332275,9.39000034332275,0.0,2.11999988555908,1.62999999523163,5.6399998664856,0.0,35,47,297,1061,2709,False,379,1440,73.68055555555556,"Highly active (12,500+)",,,,False,Monday,False,19
2022484408,2016-05-10,12798,8.97999954223633,8.97999954223633,0.0,2.22000002861023,1.21000003814697,5.55999994277954,0.0,57,28,271,1084,2797,False,356,1440,75.27777777777777,"Highly active (12,500+)",,,,False,Tuesday,False,19
2022484408,2016-05-11,13272,9.31999969482422,9.31999969482422,0.0,4.17999982833862,1.14999997615814,3.99000000953674,0.0,58,25,224,1133,2544,False,307,1440,78.68055555555556,"Highly active (12,500+)",,,,False,Wednesday,False,19
2022484408,2016-05-12,9117,6.40999984741211,6.40999984741211,0.0,1.27999997138977,0.670000016689301,4.44000005722046,0.0,16,16,236,728,1853,False,268,996,73.09236947791165,"Somewhat active (7,500-9,999)",,,,False,Thursday,False,19
2026352035,2016-04-12,4414,2.74000000953674,2.74000000953674,0.0,0.189999997615814,0.349999994039536,2.20000004768372,0.0,3,8,181,706,1459,False,192,898,78.61915367483296,"Sedentary (<5,000)",1.0,503.0,546.0,True,Tuesday,False,15
2026352035,2016-04-13,4993,3.09999990463257,3.09999990463257,0.0,0.0,0.0,3.09999990463257,0.0,0,0,238,663,1521,False,238,901,73.58490566037736,"Sedentary (<5,000)",1.0,531.0,565.0,True,Wednesday,False,15
2026352035,2016-04-14,3335,2.0699999332428,2.0699999332428,0.0,0.0,0.0,2.04999995231628,0.0,0,0,197,653,1431,False,197,850,76.82352941176471,"Sedentary (<5,000)",1.0,545.0,568.0,True,Thursday,False,15
2026352035,2016-04-15,3821,2.36999988555908,2.36999988555908,0.0,0.0,0.0,2.36999988555908,0.0,0,0,188,687,1444,False,188,875,78.51428571428572,"Sedentary (<5,000)",1.0,523.0,573.0,True,Friday,False,15
2026352035,2016-04-16,2547,1.58000004291534,1.58000004291534,0.0,0.0,0.0,1.58000004291534,0.0,0,0,150,728,1373,False,150,878,82.91571753986332,"Sedentary (<5,000)",1.0,524.0,567.0,True,Saturday,True,15
2026352035,2016-04-17,838,0.519999980926514,0.519999980926514,0.0,0.0,0.0,0.519999980926514,0.0,0,0,60,1053,1214,False,60,1113,94.60916442048517,"Sedentary (<5,000)",1.0,437.0,498.0,True,Sunday,True,15
2026352035,2016-04-18,3325,2.05999994277954,2.05999994277954,0.0,0.0,0.0,2.05999994277954,0.0,0,0,182,1062,1419,False,182,1244,85.36977491961414,"Sedentary (<5,000)",,,,False,Monday,False,16
2026352035,2016-04-19,2424,1.5,1.5,0.0,0.0,0.0,1.5,0.0,0,0,141,785,1356,False,141,926,84.7732181425486,"Sedentary (<5,000)",1.0,498.0,540.0,True,Tuesday,False,16
2026352035,2016-04-20,7222,4.48000001907349,4.48000001907349,0.0,0.0,0.0,4.48000001907349,0.0,0,0,327,623,1667,False,327,950,65.57894736842105,"Low active (5,000-7,499)",1.0,461.0,510.0,True,Wednesday,False,16
2026352035,2016-04-21,2467,1.52999997138977,1.52999997138977,0.0,0.0,0.0,1.52999997138977,0.0,0,0,153,749,1370,False,153,902,83.03769401330376,"Sedentary (<5,000)",1.0,477.0,514.0,True,Thursday,False,16
2026352035,2016-04-22,2915,1.80999994277954,1.80999994277954,0.0,0.0,0.0,1.80999994277954,0.0,0,0,162,712,1399,False,162,874,81.46453089244851,"Sedentary (<5,000)",1.0,520.0,545.0,True,Friday,False,16
2026352035,2016-04-23,12357,7.71000003814697,7.71000003814697,0.0,0.0,0.0,7.71000003814697,0.0,0,0,432,458,1916,False,432,890,51.46067415730337,"Active (10,000-12,499)",1.0,522.0,554.0,True,Saturday,True,16
2026352035,2016-04-24,3490,2.16000008583069,2.16000008583069,0.0,0.0,0.0,2.16000008583069,0.0,0,0,164,704,1401,False,164,868,81.10599078341014,"Sedentary (<5,000)",1.0,555.0,591.0,True,Sunday,True,16
2026352035,2016-04-25,6017,3.73000001907349,3.73000001907349,0.0,0.0,0.0,3.73000001907349,0.0,0,0,260,821,1576,False,260,1081,75.94819611470861,"Low active (5,000-7,499)",1.0,506.0,531.0,True,Monday,False,17
2026352035,2016-04-26,5933,3.6800000667572,3.6800000667572,0.0,0.0,0.0,3.6800000667572,0.0,0,0,288,1018,1595,False,288,1306,77.947932618683,"Low active (5,000-7,499)",,,,False,Tuesday,False,17
2026352035,2016-04-27,6088,3.76999998092651,3.76999998092651,0.0,0.0,0.0,3.76999998092651,0.0,0,0,286,586,1593,False,286,872,67.20183486238533,"Low active (5,000-7,499)",1.0,508.0,545.0,True,Wednesday,False,17
2026352035,2016-04-28,6375,3.95000004768372,3.95000004768372,0.0,0.0,0.0,3.95000004768372,0.0,0,0,331,626,1649,False,331,957,65.41274817136886,"Low active (5,000-7,499)",1.0,513.0,545.0,True,Thursday,False,17
2026352035,2016-04-29,7604,4.71000003814697,4.71000003814697,0.0,0.0,0.0,4.71000003814697,0.0,0,0,352,492,1692,False,352,844,58.29383886255924,"Somewhat active (7,500-9,999)",1.0,490.0,510.0,True,Friday,False,17
2026352035,2016-04-30,4729,2.9300000667572,2.9300000667572,0.0,0.0,0.0,2.9300000667572,0.0,0,0,233,594,1506,False,233,827,71.82587666263603,"Sedentary (<5,000)",1.0,573.0,607.0,True,Saturday,True,17
2026352035,2016-05-01,3609,2.27999997138977,2.27999997138977,0.0,0.0,0.0,2.27999997138977,0.0,0,0,191,716,1447,False,191,907,78.94156560088203,"Sedentary (<5,000)",1.0,527.0,546.0,True,Sunday,True,17
2026352035,2016-05-02,7018,4.34999990463257,4.34999990463257,0.0,0.0,0.0,4.34999990463257,0.0,0,0,355,716,1690,False,355,1071,66.85340802987862,"Low active (5,000-7,499)",1.0,511.0,543.0,True,Monday,False,18
2026352035,2016-05-03,5992,3.72000002861023,3.72000002861023,0.0,0.0,0.0,3.72000002861023,0.0,0,0,304,981,1604,False,304,1285,76.34241245136187,"Low active (5,000-7,499)",,,,False,Tuesday,False,18
2026352035,2016-05-04,6564,4.07000017166138,4.07000017166138,0.0,0.0,0.0,4.07000017166138,0.0,0,0,345,530,1658,False,345,875,60.57142857142857,"Low active (5,000-7,499)",1.0,538.0,560.0,True,Wednesday,False,18
2026352035,2016-05-05,12167,7.53999996185303,7.53999996185303,0.0,0.0,0.0,7.53999996185303,0.0,0,0,475,479,1926,False,475,954,50.20964360587002,"Active (10,000-12,499)",1.0,468.0,485.0,True,Thursday,False,18
2026352035,2016-05-06,8198,5.07999992370605,5.07999992370605,0.0,0.0,0.0,5.07999992370605,0.0,0,0,383,511,1736,False,383,894,57.15883668903803,"Somewhat active (7,500-9,999)",1.0,524.0,548.0,True,Friday,False,18
2026352035,2016-05-07,4193,2.59999990463257,2.59999990463257,0.0,0.0,0.0,2.59999990463257,0.0,0,0,229,665,1491,False,229,894,74.3847874720358,"Sedentary (<5,000)",1.0,511.0,521.0,True,Saturday,True,18
2026352035,2016-05-08,5528,3.45000004768372,3.45000004768372,0.0,0.0,0.0,3.45000004768372,0.0,0,0,258,610,1555,False,258,868,70.27649769585254,"Low active (5,000-7,499)",1.0,541.0,568.0,True,Sunday,True,18
2026352035,2016-05-09,10685,6.61999988555908,6.61999988555908,0.0,0.0,0.0,6.59999990463257,0.0,0,0,401,543,1869,False,401,944,57.521186440677965,"Active (10,000-12,499)",1.0,531.0,556.0,True,Monday,False,19
2026352035,2016-05-10,254,0.159999996423721,0.159999996423721,0.0,0.0,0.0,0.159999996423721,0.0,0,0,17,1002,1141,False,17,1019,98.33169774288518,"Sedentary (<5,000)",1.0,357.0,380.0,True,Tuesday,False,19
2026352035,2016-05-11,8580,5.32000017166138,5.32000017166138,0.0,0.0,0.0,5.32000017166138,0.0,0,0,330,569,1698,False,330,899,63.29254727474972,"Somewhat active (7,500-9,999)",1.0,523.0,553.0,True,Wednesday,False,19
2026352035,2016-05-12,8891,5.51000022888184,5.51000022888184,0.0,0.0,0.0,5.51000022888184,0.0,0,0,343,330,1364,False,343,673,49.034175334323926,"Somewhat active (7,500-9,999)",1.0,456.0,485.0,True,Thursday,False,19
2320127002,2016-04-12,10725,7.48999977111816,7.48999977111816,0.0,1.16999995708466,0.310000002384186,6.01000022888184,0.0,13,9,306,1112,2124,False,328,1440,77.22222222222223,"Active (10,000-12,499)",,,,False,Tuesday,False,15
2320127002,2016-04-13,7275,4.90000009536743,4.90000009536743,0.0,0.0,0.0,4.90000009536743,0.0,0,0,335,1105,2003,False,335,1440,76.73611111111111,"Low active (5,000-7,499)",,,,False,Wednesday,False,15
2320127002,2016-04-14,3973,2.6800000667572,2.6800000667572,0.0,0.0,0.0,2.6800000667572,0.0,0,0,191,1249,1696,False,191,1440,86.73611111111111,"Sedentary (<5,000)",,,,False,Thursday,False,15
2320127002,2016-04-15,5205,3.50999999046326,3.50999999046326,0.0,0.0,0.0,3.50999999046326,0.0,0,0,245,1195,1801,False,245,1440,82.98611111111111,"Low active (5,000-7,499)",,,,False,Friday,False,15
2320127002,2016-04-16,5057,3.41000008583069,3.41000008583069,0.0,0.0,0.0,3.40000009536743,0.0,0,0,195,1245,1724,False,195,1440,86.45833333333333,"Low active (5,000-7,499)",,,,False,Saturday,True,15
2320127002,2016-04-17,6198,4.17999982833862,4.17999982833862,0.0,0.0,0.0,4.17999982833862,0.0,0,0,249,1191,1852,False,249,1440,82.70833333333333,"Low active (5,000-7,499)",,,,False,Sunday,True,15
2320127002,2016-04-18,6559,4.42000007629395,4.42000007629395,0.0,0.0,0.259999990463257,4.1399998664856,0.0,0,7,260,1173,1905,False,267,1440,81.45833333333333,"Low active (5,000-7,499)",,,,False,Monday,False,16
2320127002,2016-04-19,5997,4.03999996185303,4.03999996185303,0.0,0.0,0.379999995231628,3.66000008583069,0.0,0,11,228,1201,1811,False,239,1440,83.40277777777777,"Low active (5,000-7,499)",,,,False,Tuesday,False,16
2320127002,2016-04-20,7192,4.84999990463257,4.84999990463257,0.0,0.0,0.490000009536743,4.34000015258789,0.0,0,11,283,1146,1922,False,294,1440,79.58333333333333,"Low active (5,000-7,499)",,,,False,Wednesday,False,16
2320127002,2016-04-21,3404,2.28999996185303,2.28999996185303,0.0,0.0599999986588955,0.419999986886978,1.80999994277954,0.0,1,10,127,1302,1610,False,138,1440,90.41666666666667,"Sedentary (<5,000)",,,,False,Thursday,False,16
2320127002,2016-04-22,5583,3.75999999046326,3.75999999046326,0.0,0.0,0.0,3.75999999046326,0.0,0,0,266,1174,1851,False,266,1440,81.52777777777777,"Low active (5,000-7,499)",,,,False,Friday,False,16
2320127002,2016-04-23,5079,3.42000007629395,3.42000007629395,0.0,0.0,0.0,3.42000007629395,0.0,0,0,242,1129,1804,False,242,1371,82.3486506199854,"Low active (5,000-7,499)",1.0,61.0,69.0,True,Saturday,True,16
2320127002,2016-04-24,4165,2.80999994277954,2.80999994277954,0.0,0.0,0.0,2.79999995231628,0.0,0,0,204,1236,1725,False,204,1440,85.83333333333333,"Sedentary (<5,000)",,,,False,Sunday,True,16
2320127002,2016-04-25,3588,2.42000007629395,2.42000007629395,0.0,0.230000004172325,0.200000002980232,1.99000000953674,0.0,3,5,152,1280,1654,False,160,1440,88.88888888888889,"Sedentary (<5,000)",,,,False,Monday,False,17
2320127002,2016-04-26,3409,2.29999995231628,2.29999995231628,0.0,0.0,0.0,2.29999995231628,0.0,0,0,147,1293,1632,False,147,1440,89.79166666666667,"Sedentary (<5,000)",,,,False,Tuesday,False,17
2320127002,2016-04-27,1715,1.1599999666214,1.1599999666214,0.0,0.0,0.0,1.1599999666214,0.0,0,0,82,1358,1481,False,82,1440,94.30555555555556,"Sedentary (<5,000)",,,,False,Wednesday,False,17
2320127002,2016-04-28,1532,1.02999997138977,1.02999997138977,0.0,0.0,0.0,1.02999997138977,0.0,0,0,76,1364,1473,False,76,1440,94.72222222222223,"Sedentary (<5,000)",,,,False,Thursday,False,17
2320127002,2016-04-29,924,0.620000004768372,0.620000004768372,0.0,0.0,0.0,0.620000004768372,0.0,0,0,45,1395,1410,False,45,1440,96.875,"Sedentary (<5,000)",,,,False,Friday,False,17
2320127002,2016-04-30,4571,3.07999992370605,3.07999992370605,0.0,0.0,0.0,3.0699999332428,0.0,0,0,234,1206,1779,False,234,1440,83.75,"Sedentary (<5,000)",,,,False,Saturday,True,17
2320127002,2016-05-01,772,0.519999980926514,0.519999980926514,0.0,0.0,0.0,0.519999980926514,0.0,0,0,40,1400,1403,False,40,1440,97.22222222222223,"Sedentary (<5,000)",,,,False,Sunday,True,17
2320127002,2016-05-02,3634,2.45000004768372,2.45000004768372,0.0,0.360000014305115,0.209999993443489,1.87999999523163,0.0,5,6,123,1306,1613,False,134,1440,90.69444444444444,"Sedentary (<5,000)",,,,False,Monday,False,18
2320127002,2016-05-03,7443,5.01999998092651,5.01999998092651,0.0,1.49000000953674,0.370000004768372,3.16000008583069,0.0,20,10,206,1204,1878,False,236,1440,83.61111111111111,"Low active (5,000-7,499)",,,,False,Tuesday,False,18
2320127002,2016-05-04,1201,0.810000002384186,0.810000002384186,0.0,0.0,0.0,0.810000002384186,0.0,0,0,52,1388,1426,False,52,1440,96.38888888888889,"Sedentary (<5,000)",,,,False,Wednesday,False,18
2320127002,2016-05-05,5202,3.50999999046326,3.50999999046326,0.0,0.0,0.389999985694885,3.10999989509583,0.0,0,11,223,1206,1780,False,234,1440,83.75,"Low active (5,000-7,499)",,,,False,Thursday,False,18
2320127002,2016-05-06,4878,3.28999996185303,3.28999996185303,0.0,0.0,0.0,3.28999996185303,0.0,0,0,204,1236,1742,False,204,1440,85.83333333333333,"Sedentary (<5,000)",,,,False,Friday,False,18
2320127002,2016-05-07,7379,4.96999979019165,4.96999979019165,0.0,0.0,0.0,4.96999979019165,0.0,0,0,319,1121,1972,False,319,1440,77.84722222222223,"Low active (5,000-7,499)",,,,False,Saturday,True,18
2320127002,2016-05-08,5161,3.48000001907349,3.48000001907349,0.0,0.0,0.0,3.47000002861023,0.0,0,0,247,1193,1821,False,247,1440,82.84722222222223,"Low active (5,000-7,499)",,,,False,Sunday,True,18
2320127002,2016-05-09,3090,2.07999992370605,2.07999992370605,0.0,0.0,0.0,2.07999992370605,0.0,0,0,145,1295,1630,False,145,1440,89.93055555555556,"Sedentary (<5,000)",,,,False,Monday,False,19
2320127002,2016-05-10,6227,4.19999980926514,4.19999980926514,0.0,0.0,0.0,4.19999980926514,0.0,0,0,290,1150,1899,False,290,1440,79.86111111111111,"Low active (5,000-7,499)",,,,False,Tuesday,False,19
2320127002,2016-05-11,6424,4.32999992370605,4.32999992370605,0.0,0.0,0.0,4.32999992370605,0.0,0,0,300,1140,1903,False,300,1440,79.16666666666667,"Low active (5,000-7,499)",,,,False,Wednesday,False,19
2320127002,2016-05-12,2661,1.78999996185303,1.78999996185303,0.0,0.0,0.0,1.78999996185303,0.0,0,0,128,830,1125,False,128,958,86.63883089770354,"Sedentary (<5,000)",,,,False,Thursday,False,19
2347167796,2016-04-12,10113,6.82999992370605,6.82999992370605,0.0,2.0,0.620000004768372,4.19999980926514,0.0,28,13,320,964,2344,False,361,1325,72.75471698113208,"Active (10,000-12,499)",,,,False,Tuesday,False,15
2347167796,2016-04-13,10352,7.01000022888184,7.01000022888184,0.0,1.6599999666214,1.94000005722046,3.41000008583069,0.0,19,32,195,676,2038,False,246,922,73.31887201735358,"Active (10,000-12,499)",1.0,467.0,531.0,True,Wednesday,False,15
2347167796,2016-04-14,10129,6.69999980926514,6.69999980926514,0.0,0.0199999995529652,2.74000000953674,3.94000005722046,0.0,1,48,206,705,2010,False,255,960,73.4375,"Active (10,000-12,499)",1.0,445.0,489.0,True,Thursday,False,15
2347167796,2016-04-15,10465,6.92000007629395,6.92000007629395,0.0,0.0700000002980232,1.41999995708466,5.42999982833862,0.0,1,24,284,720,2133,False,309,1029,69.97084548104957,"Active (10,000-12,499)",1.0,452.0,504.0,True,Friday,False,15
2347167796,2016-04-16,22244,15.0799999237061,15.0799999237061,0.0,5.44999980926514,4.09999990463257,5.53000020980835,0.0,66,72,268,968,2670,False,406,1374,70.45123726346434,"Highly active (12,500+)",,,,False,Saturday,True,15
2347167796,2016-04-17,5472,3.61999988555908,3.61999988555908,0.0,0.0799999982118607,0.280000001192093,3.25999999046326,0.0,1,7,249,508,1882,False,257,765,66.40522875816994,"Low active (5,000-7,499)",1.0,556.0,602.0,True,Sunday,True,15
2347167796,2016-04-18,8247,5.44999980926514,5.44999980926514,0.0,0.790000021457672,0.860000014305115,3.78999996185303,0.0,11,16,206,678,1944,False,233,911,74.42371020856201,"Somewhat active (7,500-9,999)",1.0,500.0,557.0,True,Monday,False,16
2347167796,2016-04-19,6711,4.44000005722046,4.44000005722046,0.0,0.0,0.0,4.44000005722046,0.0,0,7,382,648,2346,False,389,1037,62.48794599807136,"Low active (5,000-7,499)",1.0,465.0,514.0,True,Tuesday,False,16
2347167796,2016-04-20,10999,7.26999998092651,7.26999998092651,0.0,0.680000007152557,1.80999994277954,4.78000020980835,0.0,11,43,269,1011,2198,False,323,1334,75.7871064467766,"Active (10,000-12,499)",,,,False,Wednesday,False,16
2347167796,2016-04-21,10080,6.75,6.75,0.0,1.85000002384186,1.52999997138977,3.38000011444092,0.0,23,26,208,761,2048,False,257,1018,74.75442043222004,"Active (10,000-12,499)",1.0,460.0,484.0,True,Thursday,False,16
2347167796,2016-04-22,7804,5.15999984741211,5.15999984741211,0.0,0.560000002384186,1.67999994754791,2.92000007629395,0.0,9,27,206,781,1946,False,242,1023,76.34408602150538,"Somewhat active (7,500-9,999)",1.0,405.0,461.0,True,Friday,False,16
2347167796,2016-04-23,16901,11.3699998855591,11.3699998855591,0.0,2.77999997138977,1.45000004768372,7.15000009536743,0.0,32,35,360,591,2629,False,427,1018,58.05500982318271,"Highly active (12,500+)",1.0,374.0,386.0,True,Saturday,True,16
2347167796,2016-04-24,9471,6.26000022888184,6.26000022888184,0.0,0.0,0.0,6.26000022888184,0.0,0,0,360,584,2187,False,360,944,61.86440677966102,"Somewhat active (7,500-9,999)",1.0,442.0,459.0,True,Sunday,True,16
2347167796,2016-04-25,9482,6.38000011444092,6.38000011444092,0.0,1.26999998092651,0.519999980926514,4.59999990463257,0.0,15,11,277,653,2095,False,303,956,68.30543933054393,"Somewhat active (7,500-9,999)",1.0,433.0,471.0,True,Monday,False,17
2347167796,2016-04-26,5980,3.95000004768372,3.95000004768372,0.0,0.0,0.0,3.95000004768372,0.0,0,0,227,732,1861,False,227,959,76.32950990615224,"Low active (5,000-7,499)",1.0,436.0,490.0,True,Tuesday,False,17
2347167796,2016-04-27,11423,7.57999992370605,7.57999992370605,0.0,1.86000001430511,0.400000005960464,5.32000017166138,0.0,26,9,295,623,2194,False,330,953,65.37250786988457,"Active (10,000-12,499)",1.0,448.0,499.0,True,Wednesday,False,17
2347167796,2016-04-28,5439,3.59999990463257,3.59999990463257,0.0,0.0,0.0,3.59999990463257,0.0,0,0,229,764,1854,False,229,993,76.9385699899295,"Low active (5,000-7,499)",1.0,408.0,450.0,True,Thursday,False,17
2347167796,2016-04-29,42,0.0299999993294477,0.0299999993294477,0.0,0.0,0.0,0.0299999993294477,0.0,0,0,4,2,403,False,4,6,33.333333333333336,"Sedentary (<5,000)",1.0,411.0,473.0,True,Friday,False,17
2873212765,2016-04-12,8796,5.90999984741211,5.90999984741211,0.0,0.109999999403954,0.930000007152557,4.88000011444092,0.0,2,21,356,1061,1982,False,379,1440,73.68055555555556,"Somewhat active (7,500-9,999)",,,,False,Tuesday,False,15
2873212765,2016-04-13,7618,5.11999988555908,5.11999988555908,0.0,0.0,0.219999998807907,4.88000011444092,0.0199999995529652,0,8,404,1028,2004,False,412,1440,71.38888888888889,"Somewhat active (7,500-9,999)",,,,False,Wednesday,False,15
2873212765,2016-04-14,7910,5.32000017166138,5.32000017166138,0.0,0.0,0.0,5.32000017166138,0.0,0,0,331,1109,1893,False,331,1440,77.01388888888889,"Somewhat active (7,500-9,999)",,,,False,Thursday,False,15
2873212765,2016-04-15,8482,5.69999980926514,5.69999980926514,0.0,0.0,0.0,5.69000005722046,0.0099999997764825,0,0,448,992,2063,False,448,1440,68.88888888888889,"Somewhat active (7,500-9,999)",,,,False,Friday,False,15
2873212765,2016-04-16,9685,6.65000009536743,6.65000009536743,0.0,3.10999989509583,0.0199999995529652,3.50999999046326,0.0099999997764825,47,1,305,1087,2148,False,353,1440,75.48611111111111,"Somewhat active (7,500-9,999)",,,,False,Saturday,True,15
2873212765,2016-04-17,2524,1.70000004768372,1.70000004768372,0.0,0.0,0.349999994039536,1.3400000333786,0.0,0,8,160,1272,1529,False,168,1440,88.33333333333333,"Sedentary (<5,000)",,,,False,Sunday,True,15
2873212765,2016-04-18,7762,5.23999977111816,5.23999977111816,0.0,0.0700000002980232,0.280000001192093,4.8899998664856,0.0,1,6,311,1122,1890,False,318,1440,77.91666666666667,"Somewhat active (7,500-9,999)",,,,False,Monday,False,16
2873212765,2016-04-19,7948,5.36999988555908,5.36999988555908,0.0,0.0,0.0,5.3600001335144,0.0,0,0,389,1051,1956,False,389,1440,72.98611111111111,"Somewhat active (7,500-9,999)",,,,False,Tuesday,False,16
2873212765,2016-04-20,9202,6.30000019073486,6.30000019073486,0.0,1.50999999046326,0.119999997317791,4.65999984741211,0.0099999997764825,22,5,378,1035,2094,False,405,1440,71.875,"Somewhat active (7,500-9,999)",,,,False,Wednesday,False,16
2873212765,2016-04-21,8859,5.98000001907349,5.98000001907349,0.0,0.129999995231628,0.370000004768372,5.46999979019165,0.0099999997764825,2,10,371,1057,1970,False,383,1440,73.40277777777777,"Somewhat active (7,500-9,999)",,,,False,Thursday,False,16
2873212765,2016-04-22,7286,4.90000009536743,4.90000009536743,0.0,0.46000000834465,0.0,4.42000007629395,0.0199999995529652,46,0,366,1028,2241,False,412,1440,71.38888888888889,"Low active (5,000-7,499)",,,,False,Friday,False,16
2873212765,2016-04-23,9317,6.34999990463257,6.34999990463257,0.0,2.08999991416931,0.230000004172325,4.01999998092651,0.0099999997764825,28,5,330,1077,2021,False,363,1440,74.79166666666667,"Somewhat active (7,500-9,999)",,,,False,Saturday,True,16
2873212765,2016-04-24,6873,4.67999982833862,4.67999982833862,0.0,3.0,0.0599999986588955,1.62000000476837,0.0,46,1,190,1203,1898,False,237,1440,83.54166666666667,"Low active (5,000-7,499)",,,,False,Sunday,True,16
2873212765,2016-04-25,7373,4.94999980926514,4.94999980926514,0.0,0.0,0.0,4.94999980926514,0.0,0,0,359,1081,1907,False,359,1440,75.06944444444444,"Low active (5,000-7,499)",,,,False,Monday,False,17
2873212765,2016-04-26,8242,5.53999996185303,5.53999996185303,0.0,0.119999997317791,0.180000007152557,5.23999977111816,0.0,2,5,309,1124,1882,False,316,1440,78.05555555555556,"Somewhat active (7,500-9,999)",,,,False,Tuesday,False,17
2873212765,2016-04-27,3516,2.35999989509583,2.35999989509583,0.0,0.0,0.0,2.35999989509583,0.0,46,0,197,1197,1966,False,243,1440,83.125,"Sedentary (<5,000)",,,,False,Wednesday,False,17
2873212765,2016-04-28,7913,5.40999984741211,5.40999984741211,0.0,2.16000008583069,0.340000003576279,2.91000008583069,0.0,28,7,213,1192,1835,False,248,1440,82.77777777777777,"Somewhat active (7,500-9,999)",,,,False,Thursday,False,17
2873212765,2016-04-29,7365,4.94999980926514,4.94999980926514,0.0,1.36000001430511,1.4099999666214,2.1800000667572,0.0,20,23,206,1191,1780,False,249,1440,82.70833333333333,"Low active (5,000-7,499)",,,,False,Friday,False,17
2873212765,2016-04-30,8452,5.67999982833862,5.67999982833862,0.0,0.330000013113022,1.08000004291534,4.26000022888184,0.0099999997764825,5,20,248,1167,1830,False,273,1440,81.04166666666667,"Somewhat active (7,500-9,999)",,,,False,Saturday,True,17
2873212765,2016-05-01,7399,4.96999979019165,4.96999979019165,0.0,0.490000009536743,1.03999996185303,3.44000005722046,0.0,7,18,196,1219,1739,False,221,1440,84.65277777777777,"Low active (5,000-7,499)",,,,False,Sunday,True,17
2873212765,2016-05-02,7525,5.05999994277954,5.05999994277954,0.0,0.0,0.209999993443489,4.82999992370605,0.0199999995529652,0,7,334,1099,1878,False,341,1440,76.31944444444444,"Somewhat active (7,500-9,999)",,,,False,Monday,False,18
2873212765,2016-05-03,7412,4.98000001907349,4.98000001907349,0.0,0.0599999986588955,0.25,4.65999984741211,0.0099999997764825,1,6,363,1070,1906,False,370,1440,74.30555555555556,"Low active (5,000-7,499)",,,,False,Tuesday,False,18
2873212765,2016-05-04,8278,5.55999994277954,5.55999994277954,0.0,0.0,0.0,5.55999994277954,0.0,0,0,420,1020,2015,False,420,1440,70.83333333333333,"Somewhat active (7,500-9,999)",,,,False,Wednesday,False,18
2873212765,2016-05-05,8314,5.6100001335144,5.6100001335144,0.0,0.779999971389771,0.800000011920929,4.03000020980835,0.0,13,23,311,1093,1971,False,347,1440,75.90277777777777,"Somewhat active (7,500-9,999)",,,,False,Thursday,False,18
2873212765,2016-05-06,7063,4.75,4.75,0.0,0.0,0.119999997317791,4.6100001335144,0.0099999997764825,0,5,370,1065,1910,False,375,1440,73.95833333333333,"Low active (5,000-7,499)",,,,False,Friday,False,18
2873212765,2016-05-07,4940,3.38000011444092,3.38000011444092,0.0,2.27999997138977,0.550000011920929,0.550000011920929,0.0,75,11,52,1302,1897,False,138,1440,90.41666666666667,"Sedentary (<5,000)",,,,False,Saturday,True,18
2873212765,2016-05-08,8168,5.53999996185303,5.53999996185303,0.0,2.90000009536743,0.0,2.64000010490417,0.0,46,0,326,1068,2096,False,372,1440,74.16666666666667,"Somewhat active (7,500-9,999)",,,,False,Sunday,True,18
2873212765,2016-05-09,7726,5.19000005722046,5.19000005722046,0.0,0.0,0.0,5.19000005722046,0.0,0,0,345,1095,1906,False,345,1440,76.04166666666667,"Somewhat active (7,500-9,999)",,,,False,Monday,False,19
2873212765,2016-05-10,8275,5.55999994277954,5.55999994277954,0.0,0.0,0.0,5.55000019073486,0.0099999997764825,0,0,373,1067,1962,False,373,1440,74.09722222222223,"Somewhat active (7,500-9,999)",,,,False,Tuesday,False,19
2873212765,2016-05-11,6440,4.32999992370605,4.32999992370605,0.0,0.0,0.0,4.32000017166138,0.0099999997764825,0,0,319,1121,1826,False,319,1440,77.84722222222223,"Low active (5,000-7,499)",,,,False,Wednesday,False,19
2873212765,2016-05-12,7566,5.1100001335144,5.1100001335144,0.0,0.0,0.0,5.1100001335144,0.0,0,0,268,720,1431,False,268,988,72.8744939271255,"Somewhat active (7,500-9,999)",,,,False,Thursday,False,19
3372868164,2016-04-12,4747,3.24000000953674,3.24000000953674,0.0,0.0,0.0,3.23000001907349,0.0099999997764825,0,0,280,1160,1788,False,280,1440,80.55555555555556,"Sedentary (<5,000)",,,,False,Tuesday,False,15
3372868164,2016-04-13,9715,6.63000011444092,6.63000011444092,0.0,0.990000009536743,0.340000003576279,5.26999998092651,0.0199999995529652,16,8,371,1045,2093,False,395,1440,72.56944444444444,"Somewhat active (7,500-9,999)",,,,False,Wednesday,False,15
3372868164,2016-04-14,8844,6.03000020980835,6.03000020980835,0.0,0.340000003576279,1.02999997138977,4.65000009536743,0.0099999997764825,6,25,370,1039,2065,False,401,1440,72.15277777777777,"Somewhat active (7,500-9,999)",,,,False,Thursday,False,15
3372868164,2016-04-15,7451,5.07999992370605,5.07999992370605,0.0,0.0,0.0,5.05999994277954,0.0199999995529652,0,0,335,1105,1908,False,335,1440,76.73611111111111,"Low active (5,000-7,499)",,,,False,Friday,False,15
3372868164,2016-04-16,6905,4.73000001907349,4.73000001907349,0.0,0.0,0.0,4.69999980926514,0.0299999993294477,0,0,356,1084,1908,False,356,1440,75.27777777777777,"Low active (5,000-7,499)",,,,False,Saturday,True,15
3372868164,2016-04-17,8199,5.88000011444092,5.88000011444092,0.0,1.4099999666214,0.100000001490116,4.3600001335144,0.0099999997764825,11,2,322,1105,1964,False,335,1440,76.73611111111111,"Somewhat active (7,500-9,999)",,,,False,Sunday,True,15
3372868164,2016-04-18,6798,4.6399998664856,4.6399998664856,0.0,1.08000004291534,0.200000002980232,3.34999990463257,0.0,20,7,343,1070,2014,False,370,1440,74.30555555555556,"Low active (5,000-7,499)",,,,False,Monday,False,16
3372868164,2016-04-19,7711,5.26000022888184,5.26000022888184,0.0,0.0,0.0,5.23999977111816,0.0199999995529652,0,0,376,1064,1985,False,376,1440,73.88888888888889,"Somewhat active (7,500-9,999)",,,,False,Tuesday,False,16
3372868164,2016-04-20,4880,3.32999992370605,3.32999992370605,0.0,0.839999973773956,0.0900000035762787,2.38000011444092,0.0199999995529652,15,3,274,1148,1867,False,292,1440,79.72222222222223,"Sedentary (<5,000)",,,,False,Wednesday,False,16
3372868164,2016-04-21,8857,6.07000017166138,6.07000017166138,0.0,1.14999997615814,0.259999990463257,4.6399998664856,0.0099999997764825,18,9,376,1037,2124,False,403,1440,72.01388888888889,"Somewhat active (7,500-9,999)",,,,False,Thursday,False,16
3372868164,2016-04-22,3843,2.61999988555908,2.61999988555908,0.0,0.0,0.0,2.60999989509583,0.0099999997764825,0,0,206,1234,1669,False,206,1440,85.69444444444444,"Sedentary (<5,000)",,,,False,Friday,False,16
3372868164,2016-04-23,7396,5.07000017166138,5.07000017166138,0.0,1.39999997615814,0.0799999982118607,3.57999992370605,0.0,20,2,303,1115,1995,False,325,1440,77.43055555555556,"Low active (5,000-7,499)",,,,False,Saturday,True,16
3372868164,2016-04-24,6731,4.59000015258789,4.59000015258789,0.0,0.889999985694885,0.189999997615814,3.49000000953674,0.0199999995529652,14,7,292,1127,1921,False,313,1440,78.26388888888889,"Low active (5,000-7,499)",,,,False,Sunday,True,16
3372868164,2016-04-25,5995,4.09000015258789,4.09000015258789,0.0,0.0,0.0,4.09000015258789,0.0,0,0,416,1024,2010,False,416,1440,71.11111111111111,"Low active (5,000-7,499)",,,,False,Monday,False,17
3372868164,2016-04-26,8283,5.78999996185303,5.78999996185303,0.0,1.85000002384186,0.0500000007450581,3.86999988555908,0.0099999997764825,22,2,333,1083,2057,False,357,1440,75.20833333333333,"Somewhat active (7,500-9,999)",,,,False,Tuesday,False,17
3372868164,2016-04-27,7904,5.42000007629395,5.42000007629395,0.0,1.58000004291534,0.629999995231628,3.19000005722046,0.0099999997764825,24,13,346,1057,2095,False,383,1440,73.40277777777777,"Somewhat active (7,500-9,999)",,,,False,Wednesday,False,17
3372868164,2016-04-28,5512,3.75999999046326,3.75999999046326,0.0,0.0,0.0,3.75999999046326,0.0,0,0,385,1055,1972,False,385,1440,73.26388888888889,"Low active (5,000-7,499)",,,,False,Thursday,False,17
3372868164,2016-04-29,9135,6.23000001907349,6.23000001907349,0.0,0.0,0.0,6.21999979019165,0.0099999997764825,0,0,402,1038,2044,False,402,1440,72.08333333333333,"Somewhat active (7,500-9,999)",,,,False,Friday,False,17
3372868164,2016-04-30,5250,3.57999992370605,3.57999992370605,0.0,1.05999994277954,0.0900000035762787,2.42000007629395,0.0099999997764825,17,4,300,1119,1946,False,321,1440,77.70833333333333,"Low active (5,000-7,499)",,,,False,Saturday,True,17
3372868164,2016-05-01,3077,2.09999990463257,2.09999990463257,0.0,0.0,0.0,2.08999991416931,0.0,0,0,172,842,1237,False,172,1014,83.03747534516765,"Sedentary (<5,000)",,,,False,Sunday,True,17
3977333714,2016-04-12,8856,5.98000001907349,5.98000001907349,0.0,3.05999994277954,0.910000026226044,2.00999999046326,0.0,44,19,131,777,1450,False,194,971,80.0205973223481,"Somewhat active (7,500-9,999)",1.0,274.0,469.0,True,Tuesday,False,15
3977333714,2016-04-13,10035,6.71000003814697,6.71000003814697,0.0,2.02999997138977,2.13000011444092,2.54999995231628,0.0,31,46,153,754,1495,False,230,984,76.6260162601626,"Active (10,000-12,499)",2.0,295.0,456.0,True,Wednesday,False,15
3977333714,2016-04-14,7641,5.1100001335144,5.1100001335144,0.0,0.319999992847443,0.970000028610229,3.8199999332428,0.0,5,23,214,801,1433,False,242,1043,76.79769894534995,"Somewhat active (7,500-9,999)",1.0,291.0,397.0,True,Thursday,False,15
3977333714,2016-04-15,9010,6.05999994277954,6.05999994277954,0.0,1.04999995231628,1.75,3.25999999046326,0.0,15,42,183,644,1468,False,240,884,72.85067873303167,"Somewhat active (7,500-9,999)",1.0,424.0,556.0,True,Friday,False,15
3977333714,2016-04-16,13459,9.0,9.0,0.0,2.02999997138977,4.0,2.97000002861023,0.0,31,83,153,663,1625,False,267,930,71.29032258064517,"Highly active (12,500+)",1.0,283.0,510.0,True,Saturday,True,15
3977333714,2016-04-17,10415,6.96999979019165,6.96999979019165,0.0,0.699999988079071,2.34999990463257,3.92000007629395,0.0,11,58,205,600,1529,False,274,874,68.64988558352402,"Active (10,000-12,499)",1.0,381.0,566.0,True,Sunday,True,15
3977333714,2016-04-18,11663,7.80000019073486,7.80000019073486,0.0,0.25,3.73000001907349,3.8199999332428,0.0,4,95,214,605,1584,False,313,918,65.9041394335512,"Active (10,000-12,499)",2.0,412.0,522.0,True,Monday,False,16
3977333714,2016-04-19,12414,8.77999973297119,8.77999973297119,0.0,2.24000000953674,2.45000004768372,3.96000003814697,0.0,19,67,221,738,1638,False,307,1045,70.622009569378,"Active (10,000-12,499)",1.0,219.0,395.0,True,Tuesday,False,16
3977333714,2016-04-20,11658,7.82999992370605,7.82999992370605,0.0,0.200000002980232,4.34999990463257,3.27999997138977,0.0,2,98,164,845,1554,False,264,1109,76.19477006311993,"Active (10,000-12,499)",2.0,152.0,305.0,True,Wednesday,False,16
3977333714,2016-04-21,6093,4.07999992370605,4.07999992370605,0.0,0.0,0.0,4.05999994277954,0.0,0,0,242,712,1397,False,242,954,74.63312368972747,"Low active (5,000-7,499)",1.0,332.0,512.0,True,Thursday,False,16
3977333714,2016-04-22,8911,5.96000003814697,5.96000003814697,0.0,2.32999992370605,0.579999983310699,3.05999994277954,0.0,33,12,188,731,1481,False,233,964,75.8298755186722,"Somewhat active (7,500-9,999)",1.0,355.0,476.0,True,Friday,False,16
3977333714,2016-04-23,12058,8.06999969482422,8.06999969482422,0.0,0.0,4.21999979019165,3.84999990463257,0.0,0,92,252,724,1638,False,344,1068,67.79026217228464,"Active (10,000-12,499)",1.0,235.0,372.0,True,Saturday,True,16
3977333714,2016-04-24,14112,10.0,10.0,0.0,3.26999998092651,4.55999994277954,2.17000007629395,0.0,30,95,129,660,1655,False,254,914,72.21006564551422,"Highly active (12,500+)",1.0,310.0,526.0,True,Sunday,True,16
3977333714,2016-04-25,11177,8.47999954223633,8.47999954223633,0.0,5.61999988555908,0.430000007152557,2.41000008583069,0.0,50,9,133,781,1570,False,192,973,80.2672147995889,"Active (10,000-12,499)",1.0,262.0,467.0,True,Monday,False,17
3977333714,2016-04-26,11388,7.61999988555908,7.61999988555908,0.0,0.449999988079071,4.21999979019165,2.95000004768372,0.0,7,95,170,797,1551,False,272,1069,74.555659494855,"Active (10,000-12,499)",1.0,250.0,371.0,True,Tuesday,False,17
3977333714,2016-04-27,7193,5.03999996185303,5.03999996185303,0.0,0.0,0.419999986886978,4.61999988555908,0.0,0,10,176,714,1377,False,186,900,79.33333333333333,"Low active (5,000-7,499)",1.0,349.0,540.0,True,Wednesday,False,17
3977333714,2016-04-28,7114,4.88000011444092,4.88000011444092,0.0,1.37000000476837,0.28999999165535,3.22000002861023,0.0,15,8,190,804,1407,False,213,1017,79.05604719764011,"Low active (5,000-7,499)",1.0,261.0,423.0,True,Thursday,False,17
3977333714,2016-04-29,10645,7.75,7.75,0.0,3.74000000953674,1.29999995231628,2.71000003814697,0.0,36,32,150,744,1545,False,218,962,77.33887733887734,"Active (10,000-12,499)",1.0,333.0,478.0,True,Friday,False,17
3977333714,2016-04-30,13238,9.19999980926514,9.19999980926514,0.0,3.69000005722046,2.09999990463257,3.41000008583069,0.0,43,52,194,687,1650,False,289,976,70.38934426229508,"Highly active (12,500+)",1.0,237.0,382.0,True,Saturday,True,17
3977333714,2016-05-01,10414,7.07000017166138,7.07000017166138,0.0,2.67000007629395,1.98000001907349,2.41000008583069,0.0,41,40,124,691,1501,False,205,896,77.12053571428571,"Active (10,000-12,499)",1.0,383.0,626.0,True,Sunday,True,17
3977333714,2016-05-02,16520,11.0500001907349,11.0500001907349,0.0,1.53999996185303,6.48000001907349,3.01999998092651,0.0,24,143,176,713,1760,False,343,1056,67.51893939393939,"Highly active (12,500+)",1.0,230.0,384.0,True,Monday,False,18
3977333714,2016-05-03,14335,9.59000015258789,9.59000015258789,0.0,3.3199999332428,1.74000000953674,4.53000020980835,0.0,47,41,258,594,1710,False,346,940,63.191489361702125,"Highly active (12,500+)",1.0,292.0,500.0,True,Tuesday,False,18
3977333714,2016-05-04,13559,9.4399995803833,9.4399995803833,0.0,1.80999994277954,4.57999992370605,2.89000010490417,0.0,14,96,142,852,1628,False,252,1104,77.17391304347827,"Highly active (12,500+)",1.0,213.0,336.0,True,Wednesday,False,18
3977333714,2016-05-05,12312,8.57999992370605,8.57999992370605,0.0,1.75999999046326,4.1100001335144,2.71000003814697,0.0,14,88,178,680,1618,False,280,960,70.83333333333333,"Active (10,000-12,499)",1.0,318.0,480.0,True,Thursday,False,18
3977333714,2016-05-06,11677,8.27999973297119,8.27999973297119,0.0,3.10999989509583,2.50999999046326,2.67000007629395,0.0,29,55,168,676,1590,False,252,928,72.84482758620689,"Active (10,000-12,499)",1.0,323.0,512.0,True,Friday,False,18
3977333714,2016-05-07,11550,7.73000001907349,7.73000001907349,0.0,0.0,4.13000011444092,3.58999991416931,0.0,0,86,208,703,1574,False,294,997,70.51153460381144,"Active (10,000-12,499)",1.0,237.0,443.0,True,Saturday,True,18
3977333714,2016-05-08,13585,9.09000015258789,9.09000015258789,0.0,0.680000007152557,5.23999977111816,3.17000007629395,0.0,9,116,171,688,1633,False,296,984,69.91869918699187,"Highly active (12,500+)",2.0,259.0,456.0,True,Sunday,True,18
3977333714,2016-05-09,14687,10.0799999237061,10.0799999237061,0.0,0.769999980926514,5.59999990463257,3.54999995231628,0.0,8,122,151,1159,1667,False,281,1440,80.48611111111111,"Highly active (12,500+)",,,,False,Monday,False,19
3977333714,2016-05-10,13072,8.77999973297119,8.77999973297119,0.0,0.0700000002980232,5.40000009536743,3.30999994277954,0.0,1,115,196,676,1630,False,312,988,68.42105263157895,"Highly active (12,500+)",1.0,312.0,452.0,True,Tuesday,False,19
3977333714,2016-05-11,746,0.5,0.5,0.0,0.370000004768372,0.0,0.129999995231628,0.0,4,0,9,13,52,False,13,26,50.0,"Sedentary (<5,000)",,,,False,Wednesday,False,19
4020332650,2016-04-12,8539,6.11999988555908,6.11999988555908,0.0,0.150000005960464,0.239999994635582,5.67999982833862,0.0,4,15,331,712,3654,False,350,1062,67.04331450094162,"Somewhat active (7,500-9,999)",1.0,501.0,541.0,True,Tuesday,False,15
4020332650,2016-04-13,0,0.0,0.0,0.0,0.0,0.0,0.0,0.0,0,0,0,1440,1981,True,0,1440,100.0,"Sedentary (<5,000)",,,,False,Wednesday,False,15
4020332650,2016-04-14,108,0.0799999982118607,0.0799999982118607,0.0,0.0,0.0,0.0299999993294477,0.0,0,0,3,1437,2011,False,3,1440,99.79166666666667,"Sedentary (<5,000)",,,,False,Thursday,False,15
4020332650,2016-04-15,1882,1.35000002384186,1.35000002384186,0.0,0.209999993443489,0.360000014305115,0.769999980926514,0.0,36,18,87,1299,2951,False,141,1440,90.20833333333333,"Sedentary (<5,000)",,,,False,Friday,False,15
4020332650,2016-04-16,1982,1.41999995708466,1.41999995708466,0.0,0.449999988079071,0.370000004768372,0.589999973773956,0.0,65,21,55,1222,3051,False,141,1363,89.65517241379311,"Sedentary (<5,000)",1.0,77.0,77.0,True,Saturday,True,15
4020332650,2016-04-17,16,0.0099999997764825,0.0099999997764825,0.0,0.0,0.0,0.0099999997764825,0.0,0,0,2,1438,1990,False,2,1440,99.86111111111111,"Sedentary (<5,000)",,,,False,Sunday,True,15
4020332650,2016-04-18,62,0.0399999991059303,0.0399999991059303,0.0,0.0,0.0,0.0399999991059303,0.0,0,0,2,1438,1995,False,2,1440,99.86111111111111,"Sedentary (<5,000)",,,,False,Monday,False,16
4020332650,2016-04-19,0,0.0,0.0,0.0,0.0,0.0,0.0,0.0,0,0,0,1440,1980,True,0,1440,100.0,"Sedentary (<5,000)",,,,False,Tuesday,False,16
4020332650,2016-04-20,0,0.0,0.0,0.0,0.0,0.0,0.0,0.0,0,0,0,1440,1980,True,0,1440,100.0,"Sedentary (<5,000)",,,,False,Wednesday,False,16
4020332650,2016-04-21,0,0.0,0.0,0.0,0.0,0.0,0.0,0.0,0,0,0,1440,1980,True,0,1440,100.0,"Sedentary (<5,000)",,,,False,Thursday,False,16
4020332650,2016-04-22,0,0.0,0.0,0.0,0.0,0.0,0.0,0.0,0,0,0,1440,1980,True,0,1440,100.0,"Sedentary (<5,000)",,,,False,Friday,False,16
4020332650,2016-04-23,0,0.0,0.0,0.0,0.0,0.0,0.0,0.0,0,0,0,1440,1980,True,0,1440,100.0,"Sedentary (<5,000)",,,,False,Saturday,True,16
4020332650,2016-04-24,0,0.0,0.0,0.0,0.0,0.0,0.0,0.0,0,0,0,1440,1980,True,0,1440,100.0,"Sedentary (<5,000)",,,,False,Sunday,True,16
4020332650,2016-04-25,0,0.0,0.0,0.0,0.0,0.0,0.0,0.0,0,0,0,1440,1980,True,0,1440,100.0,"Sedentary (<5,000)",,,,False,Monday,False,17
4020332650,2016-04-26,0,0.0,0.0,0.0,0.0,0.0,0.0,0.0,0,0,0,1440,1980,True,0,1440,100.0,"Sedentary (<5,000)",,,,False,Tuesday,False,17
4020332650,2016-04-27,0,0.0,0.0,0.0,0.0,0.0,0.0,0.0,0,0,0,1440,1980,True,0,1440,100.0,"Sedentary (<5,000)",,,,False,Wednesday,False,17
4020332650,2016-04-28,0,0.0,0.0,0.0,0.0,0.0,0.0,0.0,0,0,0,1440,1980,True,0,1440,100.0,"Sedentary (<5,000)",,,,False,Thursday,False,17
4020332650,2016-04-29,0,0.0,0.0,0.0,0.0,0.0,0.0,0.0,0,0,0,1440,1980,True,0,1440,100.0,"Sedentary (<5,000)",,,,False,Friday,False,17
4020332650,2016-04-30,0,0.0,0.0,0.0,0.0,0.0,0.0,0.0,0,0,0,1440,1980,True,0,1440,100.0,"Sedentary (<5,000)",,,,False,Saturday,True,17
4020332650,2016-05-01,0,0.0,0.0,0.0,0.0,0.0,0.0,0.0,0,0,0,1440,1980,True,0,1440,100.0,"Sedentary (<5,000)",,,,False,Sunday,True,17
4020332650,2016-05-02,475,0.340000003576279,0.340000003576279,0.0,0.0,0.0399999991059303,0.28999999165535,0.0,0,11,31,1350,2207,False,42,1392,96.98275862068965,"Sedentary (<5,000)",,,,False,Monday,False,18
4020332650,2016-05-03,4496,3.22000002861023,3.22000002861023,0.0,0.0,0.0,3.15000009536743,0.0500000007450581,0,0,174,950,2828,False,174,1124,84.51957295373666,"Sedentary (<5,000)",1.0,322.0,332.0,True,Tuesday,False,18
4020332650,2016-05-04,10252,7.34999990463257,7.34999990463257,0.0,0.670000016689301,1.03999996185303,5.57999992370605,0.0,13,46,346,531,3879,False,405,936,56.73076923076923,"Active (10,000-12,499)",1.0,478.0,536.0,True,Wednesday,False,18
4020332650,2016-05-05,11728,8.43000030517578,8.43000030517578,0.0,2.61999988555908,1.67999994754791,4.03999996185303,0.0700000002980232,38,42,196,916,3429,False,276,1192,76.84563758389261,"Active (10,000-12,499)",1.0,226.0,248.0,True,Thursday,False,18
4020332650,2016-05-06,4369,3.13000011444092,3.13000011444092,0.0,0.0,0.0,3.09999990463257,0.0099999997764825,0,0,177,855,2704,False,177,1032,82.84883720930233,"Sedentary (<5,000)",1.0,385.0,408.0,True,Friday,False,18
4020332650,2016-05-07,6132,4.40000009536743,4.40000009536743,0.0,0.0,0.0,3.57999992370605,0.0,0,0,184,1256,2975,False,184,1440,87.22222222222223,"Low active (5,000-7,499)",,,,False,Saturday,True,18
4020332650,2016-05-08,5862,4.19999980926514,4.19999980926514,0.0,0.0,0.0,4.15000009536743,0.0,0,0,263,775,3089,False,263,1038,74.66281310211946,"Low active (5,000-7,499)",1.0,364.0,402.0,True,Sunday,True,18
4020332650,2016-05-09,4556,3.26999998092651,3.26999998092651,0.0,0.200000002980232,0.119999997317791,2.94000005722046,0.0,3,5,173,1225,2785,False,181,1406,87.12660028449503,"Sedentary (<5,000)",,,,False,Monday,False,19
4020332650,2016-05-10,5546,3.98000001907349,3.98000001907349,0.0,0.0,0.0,3.86999988555908,0.0399999991059303,0,0,206,774,2926,False,206,980,78.9795918367347,"Low active (5,000-7,499)",1.0,442.0,494.0,True,Tuesday,False,19
4020332650,2016-05-11,3689,2.65000009536743,2.65000009536743,0.0,0.109999999403954,0.170000001788139,2.32999992370605,0.0,2,8,134,1296,2645,False,144,1440,90.0,"Sedentary (<5,000)",,,,False,Wednesday,False,19
4020332650,2016-05-12,590,0.419999986886978,0.419999986886978,0.0,0.0,0.0,0.409999996423721,0.0,0,0,21,721,1120,False,21,742,97.16981132075472,"Sedentary (<5,000)",,,,False,Thursday,False,19
4057192912,2016-04-12,5394,4.03000020980835,4.03000020980835,0.0,0.0,0.0,3.94000005722046,0.0,0,0,164,1276,2286,False,164,1440,88.61111111111111,"Low active (5,000-7,499)",,,,False,Tuesday,False,15
4057192912,2016-04-13,5974,4.46999979019165,4.46999979019165,0.0,0.0,0.0,4.36999988555908,0.0,0,0,160,1280,2306,False,160,1440,88.88888888888889,"Low active (5,000-7,499)",,,,False,Wednesday,False,15
4057192912,2016-04-14,0,0.0,0.0,0.0,0.0,0.0,0.0,0.0,0,0,0,1440,1776,True,0,1440,100.0,"Sedentary (<5,000)",,,,False,Thursday,False,15
4057192912,2016-04-15,3984,2.95000004768372,2.95000004768372,0.0,0.209999993443489,0.259999990463257,2.44000005722046,0.0,3,6,88,873,1527,False,97,970,90.0,"Sedentary (<5,000)",,,,False,Friday,False,15
4319703577,2016-04-12,7753,5.19999980926514,5.19999980926514,0.0,0.0,0.0,0.0,0.0,0,0,0,1440,2115,False,0,1440,100.0,"Somewhat active (7,500-9,999)",,,,False,Tuesday,False,15
4319703577,2016-04-13,8204,5.5,5.5,0.0,0.529999971389771,0.589999973773956,1.30999994277954,0.0,8,15,96,1234,2135,False,119,1353,91.20473022912047,"Somewhat active (7,500-9,999)",,,,False,Wednesday,False,15
4319703577,2016-04-14,10210,6.88000011444092,6.88000011444092,0.0,0.109999999403954,0.330000013113022,6.44000005722046,0.0,1,9,339,589,2302,False,349,938,62.79317697228145,"Active (10,000-12,499)",1.0,535.0,557.0,True,Thursday,False,15
4319703577,2016-04-15,5664,3.79999995231628,3.79999995231628,0.0,0.0,0.0,3.79999995231628,0.0,0,0,228,752,1985,False,228,980,76.73469387755102,"Low active (5,000-7,499)",1.0,465.0,491.0,True,Friday,False,15
4319703577,2016-04-16,4744,3.1800000667572,3.1800000667572,0.0,0.0,0.0,3.1800000667572,0.0,0,0,194,724,1884,False,194,918,78.86710239651416,"Sedentary (<5,000)",1.0,506.0,522.0,True,Saturday,True,15
4319703577,2016-04-17,29,0.0199999995529652,0.0199999995529652,0.0,0.0,0.0,0.0199999995529652,0.0,0,0,3,1363,1464,False,3,1366,99.78038067349927,"Sedentary (<5,000)",,,,False,Sunday,True,15
4319703577,2016-04-18,2276,1.54999995231628,1.54999995231628,0.0,0.0700000002980232,0.330000013113022,1.12000000476837,0.0,1,9,58,824,1632,False,68,892,92.37668161434978,"Sedentary (<5,000)",1.0,515.0,551.0,True,Monday,False,16
4319703577,2016-04-19,8925,5.98999977111816,5.98999977111816,0.0,0.0,0.0,5.98999977111816,0.0,0,0,311,604,2200,False,311,915,66.01092896174863,"Somewhat active (7,500-9,999)",2.0,461.0,498.0,True,Tuesday,False,16
4319703577,2016-04-20,8954,6.01000022888184,6.01000022888184,0.0,0.0,0.680000007152557,5.30999994277954,0.0,0,18,306,671,2220,False,324,995,67.43718592964824,"Somewhat active (7,500-9,999)",1.0,523.0,543.0,True,Wednesday,False,16
4319703577,2016-04-21,3702,2.48000001907349,2.48000001907349,0.0,0.0,0.0,0.349999994039536,0.0,0,0,34,1265,1792,False,34,1299,97.38260200153965,"Sedentary (<5,000)",1.0,59.0,65.0,True,Thursday,False,16
4319703577,2016-04-22,4500,3.01999998092651,3.01999998092651,0.0,0.0599999986588955,0.810000002384186,2.15000009536743,0.0,1,19,176,709,1886,False,196,905,78.34254143646409,"Sedentary (<5,000)",1.0,533.0,550.0,True,Friday,False,16
4319703577,2016-04-23,4935,3.30999994277954,3.30999994277954,0.0,0.0,0.0,3.30999994277954,0.0,0,0,233,546,1945,False,233,779,70.08985879332478,"Sedentary (<5,000)",1.0,692.0,722.0,True,Saturday,True,16
4319703577,2016-04-24,4081,2.74000000953674,2.74000000953674,0.0,0.0599999986588955,0.200000002980232,2.47000002861023,0.0,1,5,191,692,1880,False,197,889,77.84026996625421,"Sedentary (<5,000)",1.0,467.0,501.0,True,Sunday,True,16
4319703577,2016-04-25,9259,6.21000003814697,6.21000003814697,0.0,0.0,0.280000001192093,5.92999982833862,0.0,0,8,390,544,2314,False,398,942,57.74946921443737,"Somewhat active (7,500-9,999)",1.0,488.0,506.0,True,Monday,False,17
4319703577,2016-04-26,9899,6.6399998664856,6.6399998664856,0.0,0.569999992847443,0.920000016689301,5.15000009536743,0.0,8,21,288,649,2236,False,317,966,67.18426501035196,"Somewhat active (7,500-9,999)",1.0,505.0,516.0,True,Tuesday,False,17
4319703577,2016-04-27,10780,7.23000001907349,7.23000001907349,0.0,0.409999996423721,1.91999995708466,4.90999984741211,0.0,6,47,300,680,2324,False,353,1033,65.82768635043563,"Active (10,000-12,499)",1.0,286.0,307.0,True,Wednesday,False,17
4319703577,2016-04-28,10817,7.28000020980835,7.28000020980835,0.0,1.00999999046326,0.330000013113022,5.94000005722046,0.0,13,8,359,552,2367,False,380,932,59.227467811158796,"Active (10,000-12,499)",1.0,497.0,522.0,True,Thursday,False,17
4319703577,2016-04-29,7990,5.3600001335144,5.3600001335144,0.0,0.449999988079071,0.790000021457672,4.11999988555908,0.0,6,18,289,624,2175,False,313,937,66.59551760939168,"Somewhat active (7,500-9,999)",1.0,523.0,546.0,True,Friday,False,17
4319703577,2016-04-30,8221,5.51999998092651,5.51999998092651,0.0,0.400000005960464,1.61000001430511,3.50999999046326,0.0,6,38,196,695,2092,False,240,935,74.33155080213903,"Somewhat active (7,500-9,999)",1.0,490.0,516.0,True,Saturday,True,17
4319703577,2016-05-01,1251,0.839999973773956,0.839999973773956,0.0,0.0,0.0,0.839999973773956,0.0,0,0,67,836,1593,False,67,903,92.58028792912513,"Sedentary (<5,000)",1.0,484.0,500.0,True,Sunday,True,17
4319703577,2016-05-02,9261,6.23999977111816,6.23999977111816,0.0,0.0,0.439999997615814,5.71000003814697,0.0,0,11,344,585,2270,False,355,940,62.234042553191486,"Somewhat active (7,500-9,999)",1.0,478.0,506.0,True,Monday,False,18
4319703577,2016-05-03,9648,6.46999979019165,6.46999979019165,0.0,0.579999983310699,1.07000005245209,4.82999992370605,0.0,8,26,287,669,2235,False,321,990,67.57575757575758,"Somewhat active (7,500-9,999)",1.0,474.0,512.0,True,Tuesday,False,18
4319703577,2016-05-04,10429,7.01999998092651,7.01999998092651,0.0,0.589999973773956,0.579999983310699,5.84999990463257,0.0,8,13,313,1106,2282,False,334,1440,76.80555555555556,"Active (10,000-12,499)",,,,False,Wednesday,False,18
4319703577,2016-05-05,13658,9.48999977111816,9.48999977111816,0.0,2.63000011444092,1.4099999666214,5.44999980926514,0.0,27,34,328,957,2530,False,389,1346,71.09955423476968,"Highly active (12,500+)",,,,False,Thursday,False,18
4319703577,2016-05-06,9524,6.42000007629395,6.42000007629395,0.0,0.409999996423721,0.469999998807907,5.46000003814697,0.0,6,11,314,692,2266,False,331,1023,67.64418377321603,"Somewhat active (7,500-9,999)",1.0,450.0,491.0,True,Friday,False,18
4319703577,2016-05-07,7937,5.32999992370605,5.32999992370605,0.0,0.189999997615814,1.04999995231628,4.07999992370605,0.0,3,28,279,586,2158,False,310,896,65.40178571428571,"Somewhat active (7,500-9,999)",1.0,507.0,530.0,True,Saturday,True,18
4319703577,2016-05-08,3672,2.46000003814697,2.46000003814697,0.0,0.0,0.0,2.46000003814697,0.0,0,0,153,603,1792,False,153,756,79.76190476190476,"Sedentary (<5,000)",1.0,602.0,638.0,True,Sunday,True,18
4319703577,2016-05-09,10378,6.96000003814697,6.96000003814697,0.0,0.140000000596046,0.560000002384186,6.25,0.0,2,14,374,490,2345,False,390,880,55.68181818181818,"Active (10,000-12,499)",1.0,535.0,565.0,True,Monday,False,19
4319703577,2016-05-10,9487,6.36999988555908,6.36999988555908,0.0,0.209999993443489,0.46000000834465,5.69999980926514,0.0,3,12,329,555,2260,False,344,899,61.73526140155729,"Somewhat active (7,500-9,999)",1.0,487.0,517.0,True,Tuesday,False,19
4319703577,2016-05-11,9129,6.13000011444092,6.13000011444092,0.0,0.200000002980232,0.740000009536743,5.17999982833862,0.0,3,18,311,574,2232,False,332,906,63.35540838852097,"Somewhat active (7,500-9,999)",1.0,529.0,558.0,True,Wednesday,False,19
4319703577,2016-05-12,17,0.0099999997764825,0.0099999997764825,0.0,0.0,0.0,0.0099999997764825,0.0,0,0,2,0,257,False,2,2,0.0,"Sedentary (<5,000)",1.0,302.0,321.0,True,Thursday,False,19
4388161847,2016-04-12,10122,7.78000020980835,7.78000020980835,0.0,0.0,0.0,0.0,0.0,0,0,0,1440,2955,False,0,1440,100.0,"Active (10,000-12,499)",,,,False,Tuesday,False,15
4388161847,2016-04-13,10993,8.44999980926514,8.44999980926514,0.0,0.0599999986588955,0.629999995231628,3.88000011444092,0.0,1,14,150,1275,3092,False,165,1440,88.54166666666667,"Active (10,000-12,499)",,,,False,Wednesday,False,15
4388161847,2016-04-14,8863,6.82000017166138,6.82000017166138,0.0,0.129999995231628,1.07000005245209,5.61999988555908,0.0,10,35,219,945,2998,False,264,1209,78.1637717121588,"Somewhat active (7,500-9,999)",,,,False,Thursday,False,15
4388161847,2016-04-15,8758,6.73000001907349,6.73000001907349,0.0,0.0,0.0,6.73000001907349,0.0,0,0,299,837,3066,False,299,1136,73.67957746478874,"Somewhat active (7,500-9,999)",1.0,499.0,526.0,True,Friday,False,15
4388161847,2016-04-16,6580,5.05999994277954,5.05999994277954,0.0,0.209999993443489,0.400000005960464,4.44999980926514,0.0,6,9,253,609,3073,False,268,877,69.44127708095782,"Low active (5,000-7,499)",2.0,426.0,448.0,True,Saturday,True,15
4388161847,2016-04-17,4660,3.57999992370605,3.57999992370605,0.0,0.0,0.0,3.57999992370605,0.0,0,0,201,721,2572,False,201,922,78.1995661605206,"Sedentary (<5,000)",2.0,619.0,641.0,True,Sunday,True,15
4388161847,2016-04-18,11009,9.10000038146973,9.10000038146973,0.0,3.55999994277954,0.400000005960464,5.1399998664856,0.0,27,8,239,1017,3274,False,274,1291,78.77614252517428,"Active (10,000-12,499)",1.0,99.0,104.0,True,Monday,False,16
4388161847,2016-04-19,10181,7.82999992370605,7.82999992370605,0.0,1.37000000476837,0.689999997615814,5.76999998092651,0.0,20,16,249,704,3015,False,285,989,71.18301314459049,"Active (10,000-12,499)",1.0,329.0,338.0,True,Tuesday,False,16
4388161847,2016-04-20,10553,8.11999988555908,8.11999988555908,0.0,1.10000002384186,1.72000002861023,5.28999996185303,0.0,19,42,228,696,3083,False,289,985,70.65989847715736,"Active (10,000-12,499)",1.0,421.0,451.0,True,Wednesday,False,16
4388161847,2016-04-21,10055,7.73000001907349,7.73000001907349,0.0,0.370000004768372,0.389999985694885,6.98000001907349,0.0,7,12,272,853,3069,False,291,1144,74.56293706293707,"Active (10,000-12,499)",1.0,442.0,458.0,True,Thursday,False,16
4388161847,2016-04-22,12139,9.34000015258789,9.34000015258789,0.0,3.29999995231628,1.11000001430511,4.92000007629395,0.0,77,25,220,945,3544,False,322,1267,74.58563535911603,"Active (10,000-12,499)",1.0,82.0,85.0,True,Friday,False,16
4388161847,2016-04-23,13236,10.1800003051758,10.1800003051758,0.0,4.5,0.319999992847443,5.34999990463257,0.0,58,5,215,749,3306,False,278,1027,72.93086660175268,"Highly active (12,500+)",1.0,478.0,501.0,True,Saturday,True,16
4388161847,2016-04-24,10243,7.88000011444092,7.88000011444092,0.0,1.08000004291534,0.509999990463257,6.30000019073486,0.0,14,8,239,584,2885,False,261,845,69.11242603550296,"Active (10,000-12,499)",3.0,552.0,595.0,True,Sunday,True,16
4388161847,2016-04-25,12961,9.97000026702881,9.97000026702881,0.0,0.730000019073486,1.39999997615814,7.84000015258789,0.0,11,31,301,1054,3288,False,343,1397,75.44738725841088,"Highly active (12,500+)",,,,False,Monday,False,17
4388161847,2016-04-26,9461,7.28000020980835,7.28000020980835,0.0,0.939999997615814,1.05999994277954,5.26999998092651,0.0,14,23,224,673,2929,False,261,934,72.05567451820129,"Somewhat active (7,500-9,999)",1.0,319.0,346.0,True,Tuesday,False,17
4388161847,2016-04-27,11193,8.60999965667725,8.60999965667725,0.0,0.699999988079071,2.50999999046326,5.3899998664856,0.0,11,48,241,684,3074,False,300,984,69.51219512195122,"Active (10,000-12,499)",1.0,439.0,500.0,True,Wednesday,False,17
4388161847,2016-04-28,10074,7.75,7.75,0.0,1.28999996185303,0.430000007152557,6.03000020980835,0.0,19,9,234,878,2969,False,262,1140,77.01754385964912,"Active (10,000-12,499)",1.0,428.0,458.0,True,Thursday,False,17
4388161847,2016-04-29,9232,7.09999990463257,7.09999990463257,0.0,0.800000011920929,0.889999985694885,5.42000007629395,0.0,13,16,236,1175,2979,False,265,1440,81.59722222222223,"Somewhat active (7,500-9,999)",,,,False,Friday,False,17
4388161847,2016-04-30,12533,9.64000034332275,9.64000034332275,0.0,0.699999988079071,2.0,6.94000005722046,0.0,14,43,300,537,3283,False,357,894,60.06711409395973,"Highly active (12,500+)",2.0,409.0,430.0,True,Saturday,True,17
4388161847,2016-05-01,10255,7.8899998664856,7.8899998664856,0.0,1.00999999046326,0.680000007152557,6.19999980926514,0.0,12,15,241,579,2926,False,268,847,68.35891381345927,"Active (10,000-12,499)",1.0,547.0,597.0,True,Sunday,True,17
4388161847,2016-05-02,10096,8.39999961853027,8.39999961853027,0.0,3.76999998092651,0.0799999982118607,4.55000019073486,0.0,33,4,204,935,3147,False,241,1176,79.50680272108843,"Active (10,000-12,499)",2.0,368.0,376.0,True,Monday,False,18
4388161847,2016-05-03,12727,9.78999996185303,9.78999996185303,0.0,1.12999999523163,0.779999971389771,7.88000011444092,0.0,18,18,306,984,3290,False,342,1326,74.2081447963801,"Highly active (12,500+)",,,,False,Tuesday,False,18
4388161847,2016-05-04,12375,9.52000045776367,9.52000045776367,0.0,2.78999996185303,0.930000007152557,5.80000019073486,0.0,35,21,251,632,3162,False,307,939,67.30564430244941,"Active (10,000-12,499)",1.0,390.0,414.0,True,Wednesday,False,18
4388161847,2016-05-05,9603,7.38000011444092,7.38000011444092,0.0,0.629999995231628,1.66999995708466,5.09000015258789,0.0,12,39,199,896,2899,False,250,1146,78.18499127399652,"Somewhat active (7,500-9,999)",1.0,471.0,495.0,True,Thursday,False,18
4388161847,2016-05-06,13175,10.1300001144409,10.1300001144409,0.0,2.10999989509583,2.08999991416931,5.92999982833862,0.0,33,45,262,1100,3425,False,340,1440,76.38888888888889,"Highly active (12,500+)",,,,False,Friday,False,18
4388161847,2016-05-07,22770,17.5400009155273,17.5400009155273,0.0,9.44999980926514,2.76999998092651,5.32999992370605,0.0,120,56,260,508,4022,False,436,944,53.813559322033896,"Highly active (12,500+)",1.0,472.0,496.0,True,Saturday,True,18
4388161847,2016-05-08,17298,14.3800001144409,14.3800001144409,0.0,9.89000034332275,1.25999999046326,3.23000001907349,0.0,107,38,178,576,3934,False,323,899,64.07119021134594,"Highly active (12,500+)",2.0,529.0,541.0,True,Sunday,True,18
4388161847,2016-05-09,10218,7.8600001335144,7.8600001335144,0.0,0.340000003576279,0.730000019073486,6.78999996185303,0.0,6,19,258,1020,3013,False,283,1303,78.2808902532617,"Active (10,000-12,499)",1.0,62.0,65.0,True,Monday,False,19
4388161847,2016-05-10,10299,7.92000007629395,7.92000007629395,0.0,0.810000002384186,0.649999976158142,6.46000003814697,0.0,13,14,267,648,3061,False,294,942,68.78980891719745,"Active (10,000-12,499)",1.0,354.0,375.0,True,Tuesday,False,19
4388161847,2016-05-11,10201,7.84000015258789,7.84000015258789,0.0,0.529999971389771,0.790000021457672,6.53000020980835,0.0,8,18,256,858,2954,False,282,1140,75.26315789473684,"Active (10,000-12,499)",1.0,469.0,494.0,True,Wednesday,False,19
4388161847,2016-05-12,3369,2.58999991416931,2.58999991416931,0.0,0.0,0.0,2.58999991416931,0.0,0,0,108,825,1623,False,108,933,88.42443729903538,"Sedentary (<5,000)",,,,False,Thursday,False,19
4445114986,2016-04-12,3276,2.20000004768372,2.20000004768372,0.0,0.0,0.0,2.20000004768372,0.0,0,0,196,787,2113,False,196,983,80.06103763987792,"Sedentary (<5,000)",2.0,429.0,457.0,True,Tuesday,False,15
4445114986,2016-04-13,2961,1.99000000953674,1.99000000953674,0.0,0.0,0.0,1.99000000953674,0.0,0,0,194,840,2095,False,194,1034,81.23791102514507,"Sedentary (<5,000)",2.0,370.0,406.0,True,Wednesday,False,15
4445114986,2016-04-14,3974,2.67000007629395,2.67000007629395,0.0,0.0,0.0,2.67000007629395,0.0,0,0,231,717,2194,False,231,948,75.63291139240506,"Sedentary (<5,000)",1.0,441.0,492.0,True,Thursday,False,15
4445114986,2016-04-15,7198,4.82999992370605,4.82999992370605,0.0,0.0,0.0,4.82999992370605,0.0,0,0,350,711,2496,False,350,1061,67.01225259189444,"Low active (5,000-7,499)",2.0,337.0,379.0,True,Friday,False,15
4445114986,2016-04-16,3945,2.65000009536743,2.65000009536743,0.0,0.0,0.0,2.65000009536743,0.0,0,0,225,716,2180,False,225,941,76.08926673751328,"Sedentary (<5,000)",1.0,462.0,499.0,True,Saturday,True,15
4445114986,2016-04-17,2268,1.51999998092651,1.51999998092651,0.0,0.0,0.0,1.51999998092651,0.0,0,0,114,1219,1933,False,114,1333,91.44786196549137,"Sedentary (<5,000)",1.0,98.0,107.0,True,Sunday,True,15
4445114986,2016-04-18,6155,4.23999977111816,4.23999977111816,0.0,2.0,0.28999999165535,1.95000004768372,0.0,25,6,162,1247,2248,False,193,1440,86.59722222222223,"Low active (5,000-7,499)",,,,False,Monday,False,16
4445114986,2016-04-19,2064,1.38999998569489,1.38999998569489,0.0,0.0,0.0,1.38999998569489,0.0,0,0,121,895,1954,False,121,1016,88.09055118110236,"Sedentary (<5,000)",2.0,388.0,424.0,True,Tuesday,False,16
4445114986,2016-04-20,2072,1.38999998569489,1.38999998569489,0.0,0.0,0.0,1.38999998569489,0.0,0,0,137,841,1974,False,137,978,85.9918200408998,"Sedentary (<5,000)",1.0,439.0,462.0,True,Wednesday,False,16
4445114986,2016-04-21,3809,2.55999994277954,2.55999994277954,0.0,0.0,0.0,2.53999996185303,0.0,0,0,215,756,2150,False,215,971,77.85787847579815,"Sedentary (<5,000)",1.0,436.0,469.0,True,Thursday,False,16
4445114986,2016-04-22,6831,4.57999992370605,4.57999992370605,0.0,0.0,0.0,4.57999992370605,0.0,0,0,317,706,2432,False,317,1023,69.01270772238514,"Low active (5,000-7,499)",1.0,388.0,417.0,True,Friday,False,16
4445114986,2016-04-23,4363,2.9300000667572,2.9300000667572,0.0,0.0,0.0,2.9300000667572,0.0,0,0,201,1239,2149,False,201,1440,86.04166666666667,"Sedentary (<5,000)",,,,False,Saturday,True,16
4445114986,2016-04-24,5002,3.35999989509583,3.35999989509583,0.0,0.0,0.0,3.35999989509583,0.0,0,0,244,1196,2247,False,244,1440,83.05555555555556,"Low active (5,000-7,499)",,,,False,Sunday,True,16
4445114986,2016-04-25,3385,2.26999998092651,2.26999998092651,0.0,0.0,0.0,2.26999998092651,0.0,0,0,179,916,2070,False,179,1095,83.65296803652969,"Sedentary (<5,000)",1.0,328.0,345.0,True,Monday,False,17
4445114986,2016-04-26,6326,4.40999984741211,4.40999984741211,0.0,2.41000008583069,0.0399999991059303,1.96000003814697,0.0,29,1,180,839,2291,False,210,1049,79.9809342230696,"Low active (5,000-7,499)",2.0,353.0,391.0,True,Tuesday,False,17
4445114986,2016-04-27,7243,5.03000020980835,5.03000020980835,0.0,2.61999988555908,0.0299999993294477,2.38000011444092,0.0,32,1,194,839,2361,False,227,1066,78.70544090056285,"Low active (5,000-7,499)",1.0,332.0,374.0,True,Wednesday,False,17
4445114986,2016-04-28,4493,3.00999999046326,3.00999999046326,0.0,0.0,0.0,3.00999999046326,0.0,0,0,236,762,2203,False,236,998,76.35270541082164,"Sedentary (<5,000)",1.0,419.0,442.0,True,Thursday,False,17
4445114986,2016-04-29,4676,3.14000010490417,3.14000010490417,0.0,0.0,0.0,3.13000011444092,0.0,0,0,226,1106,2196,False,226,1332,83.03303303303304,"Sedentary (<5,000)",1.0,106.0,108.0,True,Friday,False,17
4445114986,2016-04-30,6222,4.17999982833862,4.17999982833862,0.0,0.0,0.0,4.17999982833862,0.0,0,0,290,797,2363,False,290,1087,73.3210671573137,"Low active (5,000-7,499)",1.0,322.0,353.0,True,Saturday,True,17
4445114986,2016-05-01,5232,3.50999999046326,3.50999999046326,0.0,0.0,0.0,3.50999999046326,0.0,0,0,240,741,2246,False,240,981,75.53516819571865,"Low active (5,000-7,499)",2.0,439.0,459.0,True,Sunday,True,17
4445114986,2016-05-02,6910,4.75,4.75,0.0,2.21000003814697,0.189999997615814,2.34999990463257,0.0,27,4,200,667,2336,False,231,898,74.2761692650334,"Low active (5,000-7,499)",1.0,502.0,542.0,True,Monday,False,18
4445114986,2016-05-03,7502,5.17999982833862,5.17999982833862,0.0,2.48000001907349,0.109999999403954,2.57999992370605,0.0,30,2,233,725,2421,False,265,990,73.23232323232324,"Somewhat active (7,500-9,999)",2.0,417.0,450.0,True,Tuesday,False,18
4445114986,2016-05-04,2923,1.96000003814697,1.96000003814697,0.0,0.0,0.0,1.96000003814697,0.0,0,0,180,897,2070,False,180,1077,83.28690807799443,"Sedentary (<5,000)",2.0,337.0,363.0,True,Wednesday,False,18
4445114986,2016-05-05,3800,2.54999995231628,2.54999995231628,0.0,0.119999997317791,0.239999994635582,2.1800000667572,0.0,2,6,185,734,2120,False,193,927,79.18015102481122,"Sedentary (<5,000)",2.0,462.0,513.0,True,Thursday,False,18
4445114986,2016-05-06,4514,3.02999997138977,3.02999997138977,0.0,0.0,0.0,3.02999997138977,0.0,0,0,229,809,2211,False,229,1038,77.93834296724471,"Sedentary (<5,000)",2.0,374.0,402.0,True,Friday,False,18
4445114986,2016-05-07,5183,3.58999991416931,3.58999991416931,0.0,2.13000011444092,0.189999997615814,1.25,0.0,26,4,108,866,2123,False,138,1004,86.25498007968127,"Low active (5,000-7,499)",2.0,401.0,436.0,True,Saturday,True,18
4445114986,2016-05-08,7303,4.90000009536743,4.90000009536743,0.0,0.0,0.25,4.65000009536743,0.0,0,8,308,733,2423,False,316,1049,69.87607244995233,"Low active (5,000-7,499)",1.0,361.0,391.0,True,Sunday,True,18
4445114986,2016-05-09,5275,3.53999996185303,3.53999996185303,0.0,0.0,0.0,3.53999996185303,0.0,0,0,266,641,2281,False,266,907,70.67254685777287,"Low active (5,000-7,499)",1.0,457.0,533.0,True,Monday,False,19
4445114986,2016-05-10,3915,2.63000011444092,2.63000011444092,0.0,0.0,0.0,2.63000011444092,0.0,0,0,231,783,2181,False,231,1014,77.2189349112426,"Sedentary (<5,000)",1.0,405.0,426.0,True,Tuesday,False,19
4445114986,2016-05-11,9105,6.1100001335144,6.1100001335144,0.0,2.25,1.0,2.85999989509583,0.0,34,22,232,622,2499,False,288,910,68.35164835164835,"Somewhat active (7,500-9,999)",1.0,499.0,530.0,True,Wednesday,False,19
4445114986,2016-05-12,768,0.519999980926514,0.519999980926514,0.0,0.0,0.0,0.519999980926514,0.0,0,0,58,380,1212,False,58,438,86.7579908675799,"Sedentary (<5,000)",1.0,483.0,501.0,True,Thursday,False,19
4558609924,2016-04-12,5135,3.39000010490417,3.39000010490417,0.0,0.0,0.0,3.39000010490417,0.0,0,0,318,1122,1909,False,318,1440,77.91666666666667,"Low active (5,000-7,499)",,,,False,Tuesday,False,15
4558609924,2016-04-13,4978,3.28999996185303,3.28999996185303,0.0,1.24000000953674,0.439999997615814,1.61000001430511,0.0,19,7,127,1287,1722,False,153,1440,89.375,"Sedentary (<5,000)",,,,False,Wednesday,False,15
4558609924,2016-04-14,6799,4.48999977111816,4.48999977111816,0.0,0.0,0.0,4.48999977111816,0.0,0,0,279,1161,1922,False,279,1440,80.625,"Low active (5,000-7,499)",,,,False,Thursday,False,15
4558609924,2016-04-15,7795,5.15000009536743,5.15000009536743,0.0,0.589999973773956,0.839999973773956,3.73000001907349,0.0,17,30,262,1131,2121,False,309,1440,78.54166666666667,"Somewhat active (7,500-9,999)",,,,False,Friday,False,15
4558609924,2016-04-16,7289,4.82000017166138,4.82000017166138,0.0,0.550000011920929,0.75,3.5,0.0,8,12,308,1112,1997,False,328,1440,77.22222222222223,"Low active (5,000-7,499)",,,,False,Saturday,True,15
4558609924,2016-04-17,9634,6.40000009536743,6.40000009536743,0.0,0.550000011920929,1.13999998569489,4.71000003814697,0.0,7,19,304,1110,2117,False,330,1440,77.08333333333333,"Somewhat active (7,500-9,999)",,,,False,Sunday,True,15
4558609924,2016-04-18,8940,5.90999984741211,5.90999984741211,0.0,0.980000019073486,0.930000007152557,4.0,0.0,14,15,331,1080,2116,False,360,1440,75.0,"Somewhat active (7,500-9,999)",,,,False,Monday,False,16
4558609924,2016-04-19,5401,3.5699999332428,3.5699999332428,0.0,0.0500000007450581,0.360000014305115,3.16000008583069,0.0,1,9,248,1182,1876,False,258,1440,82.08333333333333,"Low active (5,000-7,499)",,,,False,Tuesday,False,16
4558609924,2016-04-20,4803,3.17000007629395,3.17000007629395,0.0,0.0,0.0,3.17000007629395,0.0,0,0,222,1218,1788,False,222,1440,84.58333333333333,"Sedentary (<5,000)",,,,False,Wednesday,False,16
4558609924,2016-04-21,13743,9.07999992370605,9.07999992370605,0.0,0.419999986886978,0.970000028610229,7.69999980926514,0.0,6,21,432,844,2486,False,459,1303,64.77359938603223,"Highly active (12,500+)",1.0,126.0,137.0,True,Thursday,False,16
4558609924,2016-04-22,9601,6.34999990463257,6.34999990463257,0.0,1.37000000476837,1.5,3.47000002861023,0.0,20,25,273,1122,2094,False,318,1440,77.91666666666667,"Somewhat active (7,500-9,999)",,,,False,Friday,False,16
4558609924,2016-04-23,6890,4.55000019073486,4.55000019073486,0.0,0.340000003576279,0.200000002980232,4.01000022888184,0.0,5,5,308,1122,2085,False,318,1440,77.91666666666667,"Low active (5,000-7,499)",,,,False,Saturday,True,16
4558609924,2016-04-24,8563,5.65999984741211,5.65999984741211,0.0,0.0,0.0,5.65000009536743,0.0,0,0,395,1045,2173,False,395,1440,72.56944444444444,"Somewhat active (7,500-9,999)",,,,False,Sunday,True,16
4558609924,2016-04-25,8095,5.34999990463257,5.34999990463257,0.0,0.589999973773956,0.25,4.51000022888184,0.0,18,10,340,993,2225,False,368,1361,72.96105804555474,"Somewhat active (7,500-9,999)",,,,False,Monday,False,17
4558609924,2016-04-26,9148,6.05000019073486,6.05000019073486,0.0,0.430000007152557,2.02999997138977,3.58999991416931,0.0,12,41,283,1062,2223,False,336,1398,75.9656652360515,"Somewhat active (7,500-9,999)",1.0,103.0,121.0,True,Tuesday,False,17
4558609924,2016-04-27,9557,6.32000017166138,6.32000017166138,0.0,1.96000003814697,0.889999985694885,3.46000003814697,0.0,27,14,312,1087,2098,False,353,1440,75.48611111111111,"Somewhat active (7,500-9,999)",,,,False,Wednesday,False,17
4558609924,2016-04-28,9451,6.25,6.25,0.0,0.0199999995529652,0.270000010728836,5.94999980926514,0.0,1,11,367,985,2185,False,379,1364,72.21407624633432,"Somewhat active (7,500-9,999)",,,,False,Thursday,False,17
4558609924,2016-04-29,7833,5.17999982833862,5.17999982833862,0.0,1.01999998092651,1.85000002384186,2.30999994277954,0.0,15,29,197,1096,1918,False,241,1337,81.97456993268511,"Somewhat active (7,500-9,999)",1.0,171.0,179.0,True,Friday,False,17
4558609924,2016-04-30,10319,6.82000017166138,6.82000017166138,0.0,0.469999998807907,1.88999998569489,4.46000003814697,0.0,7,29,293,1111,2105,False,329,1440,77.15277777777777,"Active (10,000-12,499)",,,,False,Saturday,True,17
4558609924,2016-05-01,3428,2.26999998092651,2.26999998092651,0.0,0.0,0.0,2.26999998092651,0.0,0,0,190,1121,1692,False,190,1311,85.5072463768116,"Sedentary (<5,000)",1.0,115.0,129.0,True,Sunday,True,17
4558609924,2016-05-02,7891,5.21999979019165,5.21999979019165,0.0,0.0,0.0,5.21999979019165,0.0,0,0,383,1057,2066,False,383,1440,73.40277777777777,"Somewhat active (7,500-9,999)",,,,False,Monday,False,18
4558609924,2016-05-03,5267,3.48000001907349,3.48000001907349,0.0,0.600000023841858,0.280000001192093,2.59999990463257,0.0,21,10,237,1172,1953,False,268,1440,81.38888888888889,"Low active (5,000-7,499)",,,,False,Tuesday,False,18
4558609924,2016-05-04,5232,3.46000003814697,3.46000003814697,0.0,0.0,0.0,3.46000003814697,0.0,0,0,252,1188,1842,False,252,1440,82.5,"Low active (5,000-7,499)",,,,False,Wednesday,False,18
4558609924,2016-05-05,10611,7.01000022888184,7.01000022888184,0.0,1.00999999046326,0.5,5.51000022888184,0.0,14,8,370,1048,2262,False,392,1440,72.77777777777777,"Active (10,000-12,499)",,,,False,Thursday,False,18
4558609924,2016-05-06,3755,2.48000001907349,2.48000001907349,0.0,0.0,0.0,2.48000001907349,0.0,0,0,202,1238,1722,False,202,1440,85.97222222222223,"Sedentary (<5,000)",,,,False,Friday,False,18
4558609924,2016-05-07,8237,5.44000005722046,5.44000005722046,0.0,1.61000001430511,1.0,2.82999992370605,0.0,23,16,233,1116,1973,False,272,1388,80.40345821325649,"Somewhat active (7,500-9,999)",,,,False,Saturday,True,18
4558609924,2016-05-08,6543,4.32999992370605,4.32999992370605,0.0,1.79999995231628,0.5,2.01999998092651,0.0,66,35,238,1019,2666,False,339,1358,75.03681885125184,"Low active (5,000-7,499)",1.0,123.0,134.0,True,Sunday,True,18
4558609924,2016-05-09,11451,7.57000017166138,7.57000017166138,0.0,0.430000007152557,1.62000000476837,5.51999998092651,0.0,6,30,339,1065,2223,False,375,1440,73.95833333333333,"Active (10,000-12,499)",,,,False,Monday,False,19
4558609924,2016-05-10,6435,4.25,4.25,0.0,0.740000009536743,1.12000000476837,2.39000010490417,0.0,11,18,220,1191,1889,False,249,1440,82.70833333333333,"Low active (5,000-7,499)",,,,False,Tuesday,False,19
4558609924,2016-05-11,9108,6.01999998092651,6.01999998092651,0.0,0.259999990463257,1.82000005245209,3.94000005722046,0.0,4,31,324,1081,2131,False,359,1440,75.06944444444444,"Somewhat active (7,500-9,999)",,,,False,Wednesday,False,19
4558609924,2016-05-12,6307,4.17000007629395,4.17000007629395,0.0,0.0,0.0,4.17000007629395,0.0,0,0,247,736,1452,False,247,983,74.87283825025432,"Low active (5,000-7,499)",,,,False,Thursday,False,19
4702921684,2016-04-12,7213,5.88000011444092,5.88000011444092,0.0,0.0,0.0,5.84999990463257,0.0,0,0,263,718,2947,False,263,981,73.19062181447502,"Low active (5,000-7,499)",1.0,425.0,439.0,True,Tuesday,False,15
4702921684,2016-04-13,6877,5.57999992370605,5.57999992370605,0.0,0.0,0.0,5.57999992370605,0.0,0,0,258,777,2898,False,258,1035,75.07246376811594,"Low active (5,000-7,499)",2.0,400.0,430.0,True,Wednesday,False,15
4702921684,2016-04-14,7860,6.36999988555908,6.36999988555908,0.0,0.0,0.0,6.36999988555908,0.0,0,0,271,772,2984,False,271,1043,74.01725790987535,"Somewhat active (7,500-9,999)",1.0,384.0,415.0,True,Thursday,False,15
4702921684,2016-04-15,6506,5.28000020980835,5.28000020980835,0.0,0.0700000002980232,0.419999986886978,4.78999996185303,0.0,1,8,256,944,2896,False,265,1209,78.08105872622002,"Low active (5,000-7,499)",1.0,253.0,257.0,True,Friday,False,15
4702921684,2016-04-16,11140,9.02999973297119,9.02999973297119,0.0,0.239999994635582,1.25,7.53999996185303,0.0,3,24,335,556,3328,False,362,918,60.56644880174292,"Active (10,000-12,499)",2.0,382.0,406.0,True,Saturday,True,15
4702921684,2016-04-17,12692,10.289999961853,10.289999961853,0.0,0.959999978542328,3.46000003814697,5.88000011444092,0.0,12,66,302,437,3394,False,380,817,53.48837209302326,"Highly active (12,500+)",1.0,591.0,612.0,True,Sunday,True,15
4702921684,2016-04-18,9105,7.38000011444092,7.38000011444092,0.0,1.82000005245209,1.49000000953674,4.07000017166138,0.0,22,30,191,890,3013,False,243,1133,78.55251544571932,"Somewhat active (7,500-9,999)",1.0,293.0,312.0,True,Monday,False,16
4702921684,2016-04-19,6708,5.44000005722046,5.44000005722046,0.0,0.879999995231628,0.370000004768372,4.19000005722046,0.0,10,8,179,757,2812,False,197,954,79.35010482180293,"Low active (5,000-7,499)",1.0,457.0,487.0,True,Tuesday,False,16
4702921684,2016-04-20,8793,7.13000011444092,7.13000011444092,0.0,0.159999996423721,1.23000001907349,5.73000001907349,0.0,2,29,260,717,3061,False,291,1008,71.13095238095238,"Somewhat active (7,500-9,999)",1.0,454.0,468.0,True,Wednesday,False,16
4702921684,2016-04-21,6530,5.30000019073486,5.30000019073486,0.0,0.310000002384186,2.04999995231628,2.94000005722046,0.0,4,41,144,901,2729,False,189,1090,82.66055045871559,"Low active (5,000-7,499)",1.0,425.0,434.0,True,Thursday,False,16
4702921684,2016-04-22,1664,1.35000002384186,1.35000002384186,0.0,0.0,0.0,1.35000002384186,0.0,0,0,72,1341,2241,False,72,1413,94.90445859872611,"Sedentary (<5,000)",,,,False,Friday,False,16
4702921684,2016-04-23,15126,12.2700004577637,12.2700004577637,0.0,0.759999990463257,3.24000000953674,8.27000045776367,0.0,9,66,408,469,3691,False,483,952,49.26470588235294,"Highly active (12,500+)",1.0,465.0,475.0,True,Saturday,True,16
4702921684,2016-04-24,15050,12.2200002670288,12.2200002670288,0.0,1.20000004768372,5.11999988555908,5.88000011444092,0.0,15,95,281,542,3538,False,391,933,58.09217577706324,"Highly active (12,500+)",1.0,480.0,506.0,True,Sunday,True,16
4702921684,2016-04-25,9167,7.42999982833862,7.42999982833862,0.0,0.490000009536743,0.819999992847443,6.1100001335144,0.0,6,15,270,730,3064,False,291,1021,71.49853085210577,"Somewhat active (7,500-9,999)",1.0,370.0,380.0,True,Monday,False,17
4702921684,2016-04-26,6108,4.94999980926514,4.94999980926514,0.0,0.0700000002980232,0.349999994039536,4.53999996185303,0.0,1,8,216,765,2784,False,225,990,77.27272727272727,"Low active (5,000-7,499)",1.0,421.0,429.0,True,Tuesday,False,17
4702921684,2016-04-27,7047,5.71999979019165,5.71999979019165,0.0,0.0900000035762787,0.800000011920929,4.78000020980835,0.0,1,16,238,733,2908,False,255,988,74.19028340080972,"Low active (5,000-7,499)",1.0,432.0,449.0,True,Wednesday,False,17
4702921684,2016-04-28,9023,7.32000017166138,7.32000017166138,0.0,1.12999999523163,0.419999986886978,5.76999998092651,0.0,14,9,232,738,3033,False,255,993,74.3202416918429,"Somewhat active (7,500-9,999)",1.0,442.0,461.0,True,Thursday,False,17
4702921684,2016-04-29,9930,8.05000019073486,8.05000019073486,0.0,1.05999994277954,0.920000016689301,6.07000017166138,0.0,12,19,267,692,3165,False,298,990,69.8989898989899,"Somewhat active (7,500-9,999)",1.0,433.0,447.0,True,Friday,False,17
4702921684,2016-04-30,10144,8.22999954223633,8.22999954223633,0.0,0.319999992847443,2.02999997138977,5.88000011444092,0.0,4,36,263,728,3115,False,303,1031,70.61105722599417,"Active (10,000-12,499)",1.0,479.0,501.0,True,Saturday,True,17
4702921684,2016-05-01,0,0.0,0.0,0.0,0.0,0.0,0.0,0.0,0,0,0,1440,2017,True,0,1440,100.0,"Sedentary (<5,000)",,,,False,Sunday,True,17
4702921684,2016-05-02,7245,5.92000007629395,5.92000007629395,0.0,0.379999995231628,1.74000000953674,3.75999999046326,0.0,5,40,195,1131,2859,False,240,1371,82.4945295404814,"Low active (5,000-7,499)",,,,False,Monday,False,18
4702921684,2016-05-03,9454,7.67000007629395,7.67000007629395,0.0,0.0,0.0,7.67000007629395,0.0,0,0,313,729,3145,False,313,1042,69.9616122840691,"Somewhat active (7,500-9,999)",1.0,327.0,373.0,True,Tuesday,False,18
4702921684,2016-05-04,8161,6.61999988555908,6.61999988555908,0.0,0.340000003576279,0.730000019073486,5.53999996185303,0.0,4,15,251,757,3004,False,270,1027,73.70983446932814,"Somewhat active (7,500-9,999)",1.0,412.0,434.0,True,Wednesday,False,18
4702921684,2016-05-05,8614,6.98999977111816,6.98999977111816,0.0,0.670000016689301,0.219999998807907,6.09000015258789,0.0,8,5,241,745,3006,False,254,999,74.57457457457457,"Somewhat active (7,500-9,999)",1.0,414.0,428.0,True,Thursday,False,18
4702921684,2016-05-06,6943,5.63000011444092,5.63000011444092,0.0,0.0799999982118607,0.660000026226044,4.86999988555908,0.0,1,16,207,682,2859,False,224,906,75.27593818984548,"Low active (5,000-7,499)",1.0,404.0,449.0,True,Friday,False,18
4702921684,2016-05-07,14370,11.6499996185303,11.6499996185303,0.0,0.370000004768372,2.30999994277954,8.97000026702881,0.0,5,46,439,577,3683,False,490,1067,54.07685098406748,"Highly active (12,500+)",1.0,520.0,543.0,True,Saturday,True,18
4702921684,2016-05-08,12857,10.4300003051758,10.4300003051758,0.0,0.680000007152557,6.21000003814697,3.53999996185303,0.0,9,125,192,1019,3287,False,326,1345,75.76208178438662,"Highly active (12,500+)",,,,False,Sunday,True,18
4702921684,2016-05-09,8232,6.67999982833862,6.67999982833862,0.0,0.0,0.569999992847443,6.09999990463257,0.0,0,12,253,746,2990,False,265,1011,73.78832838773492,"Somewhat active (7,500-9,999)",1.0,435.0,458.0,True,Monday,False,19
4702921684,2016-05-10,10613,8.60999965667725,8.60999965667725,0.0,0.0799999982118607,1.87999999523163,6.65000009536743,0.0,1,37,262,701,3172,False,300,1001,70.02997002997003,"Active (10,000-12,499)",1.0,416.0,431.0,True,Tuesday,False,19
4702921684,2016-05-11,9810,7.96000003814697,7.96000003814697,0.0,0.779999971389771,2.16000008583069,4.98000001907349,0.0,10,41,235,784,3069,False,286,1070,73.27102803738318,"Somewhat active (7,500-9,999)",1.0,354.0,366.0,True,Wednesday,False,19
4702921684,2016-05-12,2752,2.23000001907349,2.23000001907349,0.0,0.0,0.0,2.23000001907349,0.0,0,0,68,241,1240,False,68,309,77.99352750809061,"Sedentary (<5,000)",1.0,404.0,442.0,True,Thursday,False,19
5553957443,2016-04-12,11596,7.57000017166138,7.57000017166138,0.0,1.37000000476837,0.790000021457672,5.40999984741211,0.0,19,13,277,767,2026,False,309,1076,71.28252788104089,"Active (10,000-12,499)",1.0,441.0,464.0,True,Tuesday,False,15
5553957443,2016-04-13,4832,3.16000008583069,3.16000008583069,0.0,0.0,0.0,3.16000008583069,0.0,0,0,226,647,1718,False,226,873,74.1122565864834,"Sedentary (<5,000)",2.0,455.0,488.0,True,Wednesday,False,15
5553957443,2016-04-14,17022,11.1199998855591,11.1199998855591,0.0,4.0,2.45000004768372,4.67000007629395,0.0,61,41,256,693,2324,False,358,1051,65.9372026641294,"Highly active (12,500+)",1.0,357.0,418.0,True,Thursday,False,15
5553957443,2016-04-15,16556,10.8599996566772,10.8599996566772,0.0,4.15999984741211,1.98000001907349,4.71000003814697,0.0,58,38,239,689,2254,False,335,1024,67.28515625,"Highly active (12,500+)",1.0,377.0,409.0,True,Friday,False,15
5553957443,2016-04-16,5771,3.76999998092651,3.76999998092651,0.0,0.0,0.0,3.76999998092651,0.0,0,0,288,521,1831,False,288,809,64.40049443757725,"Low active (5,000-7,499)",2.0,651.0,686.0,True,Saturday,True,15
5553957443,2016-04-17,655,0.430000007152557,0.430000007152557,0.0,0.0,0.0,0.430000007152557,0.0,0,0,46,943,1397,False,46,989,95.34883720930233,"Sedentary (<5,000)",1.0,350.0,402.0,True,Sunday,True,15
5553957443,2016-04-18,3727,2.4300000667572,2.4300000667572,0.0,0.0,0.0,2.4300000667572,0.0,0,0,206,622,1683,False,206,828,75.1207729468599,"Sedentary (<5,000)",2.0,520.0,541.0,True,Monday,False,16
5553957443,2016-04-19,15482,10.1099996566772,10.1099996566772,0.0,4.28000020980835,1.6599999666214,4.17999982833862,0.0,69,28,249,756,2284,False,346,1102,68.60254083484574,"Highly active (12,500+)",1.0,357.0,410.0,True,Tuesday,False,16
5553957443,2016-04-20,2713,1.76999998092651,1.76999998092651,0.0,0.0,0.0,1.76999998092651,0.0,0,0,148,598,1570,False,148,746,80.16085790884719,"Sedentary (<5,000)",1.0,658.0,678.0,True,Wednesday,False,16
5553957443,2016-04-21,12346,8.0600004196167,8.0600004196167,0.0,2.95000004768372,2.16000008583069,2.96000003814697,0.0,47,42,177,801,2066,False,266,1067,75.07029053420806,"Active (10,000-12,499)",1.0,399.0,431.0,True,Thursday,False,16
5553957443,2016-04-22,11682,7.63000011444092,7.63000011444092,0.0,1.37999999523163,0.629999995231628,5.59999990463257,0.0,25,16,270,781,2105,False,311,1092,71.52014652014653,"Active (10,000-12,499)",1.0,322.0,353.0,True,Friday,False,16
5553957443,2016-04-23,4112,2.69000005722046,2.69000005722046,0.0,0.0,0.0,2.6800000667572,0.0,0,0,272,443,1776,False,272,715,61.95804195804196,"Sedentary (<5,000)",2.0,631.0,725.0,True,Saturday,True,16
5553957443,2016-04-24,1807,1.17999994754791,1.17999994754791,0.0,0.0,0.0,1.17999994754791,0.0,0,0,104,582,1507,False,104,686,84.8396501457726,"Sedentary (<5,000)",2.0,553.0,640.0,True,Sunday,True,16
5553957443,2016-04-25,10946,7.19000005722046,7.19000005722046,0.0,2.9300000667572,0.569999992847443,3.69000005722046,0.0,51,11,201,732,2033,False,263,995,73.5678391959799,"Active (10,000-12,499)",1.0,433.0,468.0,True,Monday,False,17
5553957443,2016-04-26,11886,7.76000022888184,7.76000022888184,0.0,2.36999988555908,0.930000007152557,4.46000003814697,0.0,40,18,238,750,2093,False,296,1046,71.70172084130019,"Active (10,000-12,499)",1.0,412.0,453.0,True,Tuesday,False,17
5553957443,2016-04-27,10538,6.88000011444092,6.88000011444092,0.0,1.13999998569489,1.0,4.73999977111816,0.0,16,16,206,745,1922,False,238,983,75.78840284842319,"Active (10,000-12,499)",1.0,347.0,391.0,True,Wednesday,False,17
5553957443,2016-04-28,11393,7.63000011444092,7.63000011444092,0.0,3.71000003814697,0.75,3.17000007629395,0.0,49,13,165,727,1999,False,227,954,76.20545073375263,"Active (10,000-12,499)",1.0,421.0,457.0,True,Thursday,False,17
5553957443,2016-04-29,12764,8.32999992370605,8.32999992370605,0.0,2.78999996185303,0.639999985694885,4.90999984741211,0.0,46,15,270,709,2169,False,331,1040,68.17307692307692,"Highly active (12,500+)",1.0,450.0,495.0,True,Friday,False,17
5553957443,2016-04-30,1202,0.779999971389771,0.779999971389771,0.0,0.0,0.0,0.779999971389771,0.0,0,0,84,506,1463,False,84,590,85.76271186440678,"Sedentary (<5,000)",2.0,775.0,843.0,True,Saturday,True,17
5553957443,2016-05-01,5164,3.36999988555908,3.36999988555908,0.0,0.0,0.0,3.36999988555908,0.0,0,0,237,436,1747,False,237,673,64.78454680534918,"Low active (5,000-7,499)",2.0,622.0,686.0,True,Sunday,True,17
5553957443,2016-05-02,9769,6.38000011444092,6.38000011444092,0.0,1.05999994277954,0.409999996423721,4.90000009536743,0.0,23,9,227,724,1996,False,259,983,73.65208545269583,"Somewhat active (7,500-9,999)",1.0,409.0,471.0,True,Monday,False,18
5553957443,2016-05-03,12848,8.39000034332275,8.39000034332275,0.0,1.5,1.20000004768372,5.67999982833862,0.0,26,29,247,812,2116,False,302,1114,72.89048473967684,"Highly active (12,500+)",1.0,380.0,429.0,True,Tuesday,False,18
5553957443,2016-05-04,4249,2.76999998092651,2.76999998092651,0.0,0.0,0.0,2.76999998092651,0.0,0,0,224,651,1698,False,224,875,74.4,"Sedentary (<5,000)",1.0,447.0,470.0,True,Wednesday,False,18
5553957443,2016-05-05,14331,9.51000022888184,9.51000022888184,0.0,3.4300000667572,1.6599999666214,4.42999982833862,0.0,44,29,241,692,2156,False,314,1006,68.78727634194831,"Highly active (12,500+)",1.0,419.0,464.0,True,Thursday,False,18
5553957443,2016-05-06,9632,6.28999996185303,6.28999996185303,0.0,1.51999998092651,0.540000021457672,4.23000001907349,0.0,21,9,229,761,1916,False,259,1020,74.6078431372549,"Somewhat active (7,500-9,999)",1.0,400.0,434.0,True,Friday,False,18
5553957443,2016-05-07,1868,1.22000002861023,1.22000002861023,0.0,0.0,0.0,1.22000002861023,0.0,0,0,96,902,1494,False,96,998,90.38076152304609,"Sedentary (<5,000)",1.0,442.0,470.0,True,Saturday,True,18
5553957443,2016-05-08,6083,4.0,4.0,0.0,0.219999998807907,0.469999998807907,3.29999995231628,0.0,3,8,210,505,1762,False,221,726,69.55922865013774,"Low active (5,000-7,499)",1.0,568.0,608.0,True,Sunday,True,18
5553957443,2016-05-09,11611,7.57999992370605,7.57999992370605,0.0,2.13000011444092,0.889999985694885,4.55999994277954,0.0,59,22,251,667,2272,False,332,999,66.76676676676676,"Active (10,000-12,499)",1.0,453.0,494.0,True,Monday,False,19
5553957443,2016-05-10,16358,10.710000038147,10.710000038147,0.0,3.86999988555908,1.61000001430511,5.19999980926514,0.0,61,40,265,707,2335,False,366,1073,65.89002795899347,"Highly active (12,500+)",1.0,418.0,443.0,True,Tuesday,False,19
5553957443,2016-05-11,4926,3.22000002861023,3.22000002861023,0.0,0.0,0.0,3.22000002861023,0.0,0,0,195,628,1693,False,195,823,76.30619684082625,"Sedentary (<5,000)",1.0,463.0,486.0,True,Wednesday,False,19
5553957443,2016-05-12,3121,2.03999996185303,2.03999996185303,0.0,0.579999983310699,0.400000005960464,1.05999994277954,0.0,8,6,48,222,741,False,62,284,78.16901408450704,"Sedentary (<5,000)",1.0,438.0,475.0,True,Thursday,False,19
5577150313,2016-04-12,8135,6.07999992370605,6.07999992370605,0.0,3.59999990463257,0.379999995231628,2.09999990463257,0.0,86,16,140,728,3405,False,242,970,75.05154639175258,"Somewhat active (7,500-9,999)",1.0,419.0,438.0,True,Tuesday,False,15
5577150313,2016-04-13,5077,3.78999996185303,3.78999996185303,0.0,0.319999992847443,0.219999998807907,3.25,0.0,15,11,144,776,2551,False,170,946,82.02959830866807,"Low active (5,000-7,499)",1.0,432.0,458.0,True,Wednesday,False,15
5577150313,2016-04-14,8596,6.42000007629395,6.42000007629395,0.0,3.32999992370605,0.310000002384186,2.77999997138977,0.0,118,30,176,662,4022,False,324,986,67.13995943204868,"Somewhat active (7,500-9,999)",1.0,477.0,497.0,True,Thursday,False,15
5577150313,2016-04-15,12087,9.07999992370605,9.07999992370605,0.0,3.92000007629395,1.60000002384186,3.55999994277954,0.0,115,54,199,695,4005,False,368,1063,65.38099717779868,"Active (10,000-12,499)",1.0,392.0,413.0,True,Friday,False,15
5577150313,2016-04-16,14269,10.6599998474121,10.6599998474121,0.0,6.6399998664856,1.27999997138977,2.73000001907349,0.0,184,56,158,472,4274,False,398,870,54.252873563218394,"Highly active (12,500+)",1.0,406.0,445.0,True,Saturday,True,15
5577150313,2016-04-17,12231,9.14000034332275,9.14000034332275,0.0,5.98000001907349,0.829999983310699,2.3199999332428,0.0,200,37,159,525,4552,False,396,921,57.00325732899023,"Active (10,000-12,499)",1.0,549.0,583.0,True,Sunday,True,15
5577150313,2016-04-18,9893,7.3899998664856,7.3899998664856,0.0,4.8600001335144,0.720000028610229,1.82000005245209,0.0,114,32,130,623,3625,False,276,899,69.2992213570634,"Somewhat active (7,500-9,999)",1.0,527.0,553.0,True,Monday,False,16
5577150313,2016-04-19,12574,9.42000007629395,9.42000007629395,0.0,7.01999998092651,0.639999985694885,1.75999999046326,0.0,108,23,111,733,3501,False,242,975,75.17948717948718,"Highly active (12,500+)",1.0,449.0,465.0,True,Tuesday,False,16
5577150313,2016-04-20,8330,6.21999979019165,6.21999979019165,0.0,4.11999988555908,0.340000003576279,1.75999999046326,0.0,87,16,113,773,3192,False,216,989,78.159757330637,"Somewhat active (7,500-9,999)",1.0,447.0,480.0,True,Wednesday,False,16
5577150313,2016-04-21,10830,8.09000015258789,8.09000015258789,0.0,3.65000009536743,1.6599999666214,2.77999997138977,0.0,110,74,175,670,4018,False,359,1029,65.11175898931,"Active (10,000-12,499)",1.0,414.0,437.0,True,Thursday,False,16
5577150313,2016-04-22,9172,6.84999990463257,6.84999990463257,0.0,2.42000007629395,0.790000021457672,3.29999995231628,0.0,62,30,200,823,3329,False,292,1115,73.81165919282512,"Somewhat active (7,500-9,999)",1.0,338.0,366.0,True,Friday,False,16
5577150313,2016-04-23,7638,5.71000003814697,5.71000003814697,0.0,1.21000003814697,0.360000014305115,4.1399998664856,0.0,24,24,223,627,3152,False,271,898,69.82182628062361,"Somewhat active (7,500-9,999)",1.0,384.0,402.0,True,Saturday,True,16
5577150313,2016-04-24,15764,11.7799997329712,11.7799997329712,0.0,7.65000009536743,2.15000009536743,1.98000001907349,0.0,210,65,141,425,4392,False,416,841,50.535077288941736,"Highly active (12,500+)",1.0,543.0,615.0,True,Sunday,True,16
5577150313,2016-04-25,6393,4.78000020980835,4.78000020980835,0.0,1.35000002384186,0.670000016689301,2.75999999046326,0.0,61,38,214,743,3374,False,313,1056,70.35984848484848,"Low active (5,000-7,499)",1.0,421.0,461.0,True,Monday,False,17
5577150313,2016-04-26,5325,3.98000001907349,3.98000001907349,0.0,0.850000023841858,0.649999976158142,2.47000002861023,0.0,38,32,181,759,3088,False,251,1010,75.14851485148515,"Low active (5,000-7,499)",1.0,354.0,377.0,True,Tuesday,False,17
5577150313,2016-04-27,6805,5.1399998664856,5.1399998664856,0.0,1.80999994277954,0.400000005960464,2.9300000667572,0.0,63,16,190,773,3294,False,269,1042,74.18426103646833,"Low active (5,000-7,499)",1.0,424.0,452.0,True,Wednesday,False,17
5577150313,2016-04-28,9841,7.42999982833862,7.42999982833862,0.0,3.25,1.16999995708466,3.00999999046326,0.0,99,51,141,692,3580,False,291,983,70.3967446592065,"Somewhat active (7,500-9,999)",1.0,361.0,372.0,True,Thursday,False,17
5577150313,2016-04-29,7924,5.92000007629395,5.92000007629395,0.0,2.83999991416931,0.610000014305115,2.47000002861023,0.0,97,36,165,739,3544,False,298,1037,71.2632594021215,"Somewhat active (7,500-9,999)",1.0,459.0,485.0,True,Friday,False,17
5577150313,2016-04-30,12363,9.23999977111816,9.23999977111816,0.0,5.82999992370605,0.790000021457672,2.60999989509583,0.0,207,45,163,621,4501,False,415,1036,59.94208494208494,"Active (10,000-12,499)",1.0,412.0,433.0,True,Saturday,True,17
5577150313,2016-05-01,13368,9.98999977111816,9.98999977111816,0.0,5.30999994277954,1.44000005722046,3.24000000953674,0.0,194,72,178,499,4546,False,444,943,52.91622481442206,"Highly active (12,500+)",1.0,379.0,398.0,True,Sunday,True,17
5577150313,2016-05-02,7439,5.55999994277954,5.55999994277954,0.0,1.12000000476837,0.349999994039536,4.07000017166138,0.0,37,20,235,732,3014,False,292,1024,71.484375,"Low active (5,000-7,499)",2.0,525.0,553.0,True,Monday,False,18
5577150313,2016-05-03,11045,8.25,8.25,0.0,4.51999998092651,0.150000005960464,3.5699999332428,0.0,97,8,212,580,3795,False,317,897,64.65997770345597,"Active (10,000-12,499)",1.0,508.0,543.0,True,Tuesday,False,18
5577150313,2016-05-04,5206,3.89000010490417,3.89000010490417,0.0,1.55999994277954,0.25,2.07999992370605,0.0,25,9,141,631,2755,False,175,806,78.287841191067,"Low active (5,000-7,499)",1.0,603.0,634.0,True,Wednesday,False,18
5577150313,2016-05-05,7550,5.6399998664856,5.6399998664856,0.0,2.5,0.469999998807907,2.67000007629395,0.0,45,21,143,1153,3004,False,209,1362,84.65491923641703,"Somewhat active (7,500-9,999)",1.0,74.0,78.0,True,Thursday,False,18
5577150313,2016-05-06,4950,3.70000004768372,3.70000004768372,0.0,1.92999994754791,0.319999992847443,1.45000004768372,0.0,41,16,79,1304,2643,False,136,1440,90.55555555555556,"Sedentary (<5,000)",,,,False,Friday,False,18
5577150313,2016-05-07,0,0.0,0.0,0.0,0.0,0.0,0.0,0.0,0,0,0,1440,1819,True,0,1440,100.0,"Sedentary (<5,000)",,,,False,Saturday,True,18
5577150313,2016-05-08,0,0.0,0.0,0.0,0.0,0.0,0.0,0.0,0,0,0,1440,1819,True,0,1440,100.0,"Sedentary (<5,000)",,,,False,Sunday,True,18
5577150313,2016-05-09,3421,2.55999994277954,2.55999994277954,0.0,1.42999994754791,0.140000000596046,0.990000009536743,0.0,34,11,70,1099,2489,False,115,1214,90.52718286655684,"Sedentary (<5,000)",,,,False,Monday,False,19
5577150313,2016-05-10,8869,6.65000009536743,6.65000009536743,0.0,2.55999994277954,0.75,3.34999990463257,0.0,104,37,194,639,3841,False,335,974,65.60574948665298,"Somewhat active (7,500-9,999)",1.0,504.0,562.0,True,Tuesday,False,19
5577150313,2016-05-11,4038,3.03999996185303,3.03999996185303,0.0,1.83000004291534,0.300000011920929,0.889999985694885,0.0,45,15,63,257,1665,False,123,380,67.63157894736842,"Sedentary (<5,000)",1.0,431.0,476.0,True,Wednesday,False,19
6117666160,2016-04-12,0,0.0,0.0,0.0,0.0,0.0,0.0,0.0,0,0,0,1440,1496,True,0,1440,100.0,"Sedentary (<5,000)",,,,False,Tuesday,False,15
6117666160,2016-04-13,0,0.0,0.0,0.0,0.0,0.0,0.0,0.0,0,0,0,1440,1496,True,0,1440,100.0,"Sedentary (<5,000)",,,,False,Wednesday,False,15
6117666160,2016-04-14,0,0.0,0.0,0.0,0.0,0.0,0.0,0.0,0,0,0,1440,1496,True,0,1440,100.0,"Sedentary (<5,000)",,,,False,Thursday,False,15
6117666160,2016-04-15,14019,10.5900001525879,10.5900001525879,0.0,0.0,0.280000001192093,10.3000001907349,0.0,0,6,513,921,2865,False,519,1440,63.958333333333336,"Highly active (12,500+)",,,,False,Friday,False,15
6117666160,2016-04-16,14450,10.9099998474121,10.9099998474121,0.0,0.579999983310699,0.850000023841858,9.47999954223633,0.0,7,15,518,502,2828,False,540,1042,48.17658349328215,"Highly active (12,500+)",1.0,380.0,398.0,True,Saturday,True,15
6117666160,2016-04-17,7150,5.40000009536743,5.40000009536743,0.0,0.0,0.0,5.40000009536743,0.0,0,0,312,702,2225,False,312,1014,69.23076923076923,"Low active (5,000-7,499)",2.0,336.0,350.0,True,Sunday,True,15
6117666160,2016-04-18,5153,3.91000008583069,3.91000008583069,0.0,0.0,0.0,3.89000010490417,0.0,0,0,241,759,2018,False,241,1000,75.9,"Low active (5,000-7,499)",2.0,493.0,510.0,True,Monday,False,16
6117666160,2016-04-19,11135,8.40999984741211,8.40999984741211,0.0,0.0,0.0,8.40999984741211,0.0,0,0,480,425,2606,False,480,905,46.96132596685083,"Active (10,000-12,499)",1.0,465.0,492.0,True,Tuesday,False,16
6117666160,2016-04-20,10449,8.02000045776367,8.02000045776367,0.0,2.02999997138977,0.479999989271164,5.51999998092651,0.0,26,10,349,587,2536,False,385,972,60.390946502057616,"Active (10,000-12,499)",1.0,474.0,502.0,True,Wednesday,False,16
6117666160,2016-04-21,19542,15.0100002288818,15.0100002288818,0.0,0.980000019073486,0.400000005960464,5.61999988555908,0.0,11,19,294,579,4900,False,324,903,64.11960132890366,"Highly active (12,500+)",1.0,508.0,550.0,True,Thursday,False,16
6117666160,2016-04-22,8206,6.19999980926514,6.19999980926514,0.0,0.0,0.0,6.19999980926514,0.0,0,0,402,413,2409,False,402,815,50.67484662576687,"Somewhat active (7,500-9,999)",1.0,480.0,546.0,True,Friday,False,16
6117666160,2016-04-23,11495,8.68000030517578,8.68000030517578,0.0,0.0,0.0,8.68000030517578,0.0,0,0,512,468,2651,False,512,980,47.755102040816325,"Active (10,000-12,499)",1.0,492.0,539.0,True,Saturday,True,16
6117666160,2016-04-24,7623,5.76000022888184,5.76000022888184,0.0,0.0,0.0,5.76000022888184,0.0,0,0,362,711,2305,False,362,1073,66.26281453867661,"Somewhat active (7,500-9,999)",1.0,353.0,367.0,True,Sunday,True,16
6117666160,2016-04-25,0,0.0,0.0,0.0,0.0,0.0,0.0,0.0,0,0,0,1440,1497,True,0,1440,100.0,"Sedentary (<5,000)",,,,False,Monday,False,17
6117666160,2016-04-26,9543,7.21000003814697,7.21000003814697,0.0,0.0,0.340000003576279,6.86999988555908,0.0,0,7,352,1077,2450,False,359,1436,75.0,"Somewhat active (7,500-9,999)",,,,False,Tuesday,False,17
6117666160,2016-04-27,9411,7.1100001335144,7.1100001335144,0.0,0.0,0.0,7.1100001335144,0.0,0,0,458,417,2576,False,458,875,47.65714285714286,"Somewhat active (7,500-9,999)",1.0,542.0,557.0,True,Wednesday,False,17
6117666160,2016-04-28,3403,2.59999990463257,2.59999990463257,0.0,0.0,0.0,2.59999990463257,0.0,0,0,141,758,1879,False,141,899,84.3159065628476,"Sedentary (<5,000)",1.0,393.0,416.0,True,Thursday,False,17
6117666160,2016-04-29,9592,7.23999977111816,7.23999977111816,0.0,0.0,0.0,7.23999977111816,0.0,0,0,461,479,2560,False,461,940,50.95744680851064,"Somewhat active (7,500-9,999)",1.0,600.0,636.0,True,Friday,False,17
6117666160,2016-04-30,6987,5.28000020980835,5.28000020980835,0.0,0.0,0.0,5.28000020980835,0.0,0,0,343,1040,2275,False,343,1383,75.19884309472162,"Low active (5,000-7,499)",,,,False,Saturday,True,17
6117666160,2016-05-01,8915,6.73000001907349,6.73000001907349,0.0,0.0,0.0,6.73000001907349,0.0,0,0,397,525,2361,False,397,922,56.94143167028199,"Somewhat active (7,500-9,999)",1.0,507.0,575.0,True,Sunday,True,17
6117666160,2016-05-02,4933,3.73000001907349,3.73000001907349,0.0,0.0,0.0,3.73000001907349,0.0,0,0,236,1204,2044,False,236,1440,83.61111111111111,"Sedentary (<5,000)",,,,False,Monday,False,18
6117666160,2016-05-03,0,0.0,0.0,0.0,0.0,0.0,0.0,0.0,0,0,0,1440,1496,True,0,1440,100.0,"Sedentary (<5,000)",,,,False,Tuesday,False,18
6117666160,2016-05-04,2997,2.25999999046326,2.25999999046326,0.0,0.0,0.0,2.25999999046326,0.0,0,0,156,1279,1902,False,156,1435,89.12891986062718,"Sedentary (<5,000)",,,,False,Wednesday,False,18
6117666160,2016-05-05,9799,7.40000009536743,7.40000009536743,0.0,0.0,0.0,7.40000009536743,0.0,0,0,487,479,2636,False,487,966,49.58592132505176,"Somewhat active (7,500-9,999)",1.0,392.0,415.0,True,Thursday,False,18
6117666160,2016-05-06,3365,2.6800000667572,2.6800000667572,0.0,0.0,0.0,2.6800000667572,0.0,0,0,133,673,1838,False,133,806,83.49875930521092,"Sedentary (<5,000)",2.0,658.0,698.0,True,Friday,False,18
6117666160,2016-05-07,7336,5.53999996185303,5.53999996185303,0.0,0.0,0.0,5.53999996185303,0.0,0,0,412,456,2469,False,412,868,52.534562211981566,"Low active (5,000-7,499)",2.0,498.0,507.0,True,Saturday,True,18
6117666160,2016-05-08,7328,5.53000020980835,5.53000020980835,0.0,0.0,0.0,5.53000020980835,0.0,0,0,318,517,2250,False,318,835,61.91616766467066,"Low active (5,000-7,499)",1.0,555.0,603.0,True,Sunday,True,18
6117666160,2016-05-09,4477,3.38000011444092,3.38000011444092,0.0,0.0,0.0,3.38000011444092,0.0,0,0,197,125,1248,False,197,322,38.81987577639752,"Sedentary (<5,000)",1.0,492.0,522.0,True,Monday,False,19
6290855005,2016-04-12,4562,3.45000004768372,3.45000004768372,0.0,0.0,0.0,3.45000004768372,0.0,0,0,199,1241,2560,False,199,1440,86.18055555555556,"Sedentary (<5,000)",,,,False,Tuesday,False,15
6290855005,2016-04-13,7142,5.40000009536743,5.40000009536743,0.0,0.0,0.0,5.3899998664856,0.0099999997764825,0,0,350,1090,2905,False,350,1440,75.69444444444444,"Low active (5,000-7,499)",,,,False,Wednesday,False,15
6290855005,2016-04-14,7671,5.80000019073486,5.80000019073486,0.0,0.0,0.0,5.76999998092651,0.0299999993294477,0,0,363,1077,2952,False,363,1440,74.79166666666667,"Somewhat active (7,500-9,999)",,,,False,Thursday,False,15
6290855005,2016-04-15,9501,7.17999982833862,7.17999982833862,0.0,0.0,0.0,7.17000007629395,0.0099999997764825,0,0,328,1112,2896,False,328,1440,77.22222222222223,"Somewhat active (7,500-9,999)",,,,False,Friday,False,15
6290855005,2016-04-16,8301,6.28000020980835,6.28000020980835,0.0,0.0,0.0,6.26999998092651,0.0099999997764825,0,0,258,1182,2783,False,258,1440,82.08333333333333,"Somewhat active (7,500-9,999)",,,,False,Saturday,True,15
6290855005,2016-04-17,7851,5.94000005722046,5.94000005722046,0.0,1.13999998569489,0.790000021457672,4.0,0.0,31,12,225,1172,3171,False,268,1440,81.38888888888889,"Somewhat active (7,500-9,999)",,,,False,Sunday,True,15
6290855005,2016-04-18,6885,5.21000003814697,5.21000003814697,0.0,0.0,0.0,5.19000005722046,0.0199999995529652,0,0,271,1169,2766,False,271,1440,81.18055555555556,"Low active (5,000-7,499)",,,,False,Monday,False,16
6290855005,2016-04-19,7142,5.40000009536743,5.40000009536743,0.0,0.0,0.0,5.3899998664856,0.0099999997764825,0,0,321,1119,2839,False,321,1440,77.70833333333333,"Low active (5,000-7,499)",,,,False,Tuesday,False,16
6290855005,2016-04-20,6361,4.80999994277954,4.80999994277954,0.0,0.0,0.0,4.80000019073486,0.0099999997764825,0,0,258,1182,2701,False,258,1440,82.08333333333333,"Low active (5,000-7,499)",,,,False,Wednesday,False,16
6290855005,2016-04-21,0,0.0,0.0,0.0,0.0,0.0,0.0,0.0,0,0,0,1440,2060,True,0,1440,100.0,"Sedentary (<5,000)",,,,False,Thursday,False,16
6290855005,2016-04-22,6238,4.71999979019165,4.71999979019165,0.0,0.0,0.0,4.71999979019165,0.0,0,0,302,1138,2796,False,302,1440,79.02777777777777,"Low active (5,000-7,499)",,,,False,Friday,False,16
6290855005,2016-04-23,0,0.0,0.0,0.0,0.0,0.0,0.0,0.0,33,0,0,1407,2664,False,33,1440,97.70833333333333,"Sedentary (<5,000)",,,,False,Saturday,True,16
6290855005,2016-04-24,5896,4.46000003814697,4.46000003814697,0.0,0.0,0.0,4.46000003814697,0.0,0,0,258,1182,2703,False,258,1440,82.08333333333333,"Low active (5,000-7,499)",,,,False,Sunday,True,16
6290855005,2016-04-25,7802,5.90000009536743,5.90000009536743,0.0,0.680000007152557,0.180000007152557,5.03000020980835,0.0099999997764825,8,3,249,1180,2771,False,260,1440,81.94444444444444,"Somewhat active (7,500-9,999)",,,,False,Monday,False,17
6290855005,2016-04-26,0,0.0,0.0,0.0,0.0,0.0,0.0,0.0,0,0,0,1440,2060,True,0,1440,100.0,"Sedentary (<5,000)",,,,False,Tuesday,False,17
6290855005,2016-04-27,5565,4.21000003814697,4.21000003814697,0.0,0.0,0.0,4.17999982833862,0.0299999993294477,0,0,287,1153,2743,False,287,1440,80.06944444444444,"Low active (5,000-7,499)",,,,False,Wednesday,False,17
6290855005,2016-04-28,5731,4.32999992370605,4.32999992370605,0.0,0.0,0.0,4.32999992370605,0.0,0,0,255,1185,2687,False,255,1440,82.29166666666667,"Low active (5,000-7,499)",,,,False,Thursday,False,17
6290855005,2016-04-29,0,0.0,0.0,0.0,0.0,0.0,0.0,0.0,0,0,0,1440,2060,True,0,1440,100.0,"Sedentary (<5,000)",,,,False,Friday,False,17
6290855005,2016-04-30,6744,5.09999990463257,5.09999990463257,0.0,0.0,0.0,5.09000015258789,0.0099999997764825,0,0,324,1116,2843,False,324,1440,77.5,"Low active (5,000-7,499)",,,,False,Saturday,True,17
6290855005,2016-05-01,9837,7.44000005722046,7.44000005722046,0.0,0.660000026226044,2.75,4.0,0.0199999995529652,8,95,282,1055,3327,False,385,1440,73.26388888888889,"Somewhat active (7,500-9,999)",,,,False,Sunday,True,17
6290855005,2016-05-02,6781,5.13000011444092,5.13000011444092,0.0,0.0,0.0,5.1100001335144,0.0199999995529652,0,0,268,1172,2725,False,268,1440,81.38888888888889,"Low active (5,000-7,499)",,,,False,Monday,False,18
6290855005,2016-05-03,6047,4.57000017166138,4.57000017166138,0.0,0.0,0.0,4.57000017166138,0.0,0,0,240,1200,2671,False,240,1440,83.33333333333333,"Low active (5,000-7,499)",,,,False,Tuesday,False,18
6290855005,2016-05-04,5832,4.40999984741211,4.40999984741211,0.0,0.0,0.0,4.40000009536743,0.0099999997764825,0,0,272,1168,2718,False,272,1440,81.11111111111111,"Low active (5,000-7,499)",,,,False,Wednesday,False,18
6290855005,2016-05-05,6339,4.78999996185303,4.78999996185303,0.0,0.0,0.0,4.78999996185303,0.0,0,0,239,1201,2682,False,239,1440,83.40277777777777,"Low active (5,000-7,499)",,,,False,Thursday,False,18
6290855005,2016-05-06,6116,4.61999988555908,4.61999988555908,0.0,0.0,0.0,4.59000015258789,0.0299999993294477,0,0,305,1135,2806,False,305,1440,78.81944444444444,"Low active (5,000-7,499)",,,,False,Friday,False,18
6290855005,2016-05-07,5510,4.17000007629395,4.17000007629395,0.0,0.0,0.0,4.15999984741211,0.0,0,0,227,1213,2613,False,227,1440,84.23611111111111,"Low active (5,000-7,499)",,,,False,Saturday,True,18
6290855005,2016-05-08,7706,5.82999992370605,5.82999992370605,0.0,0.0,0.0,5.82000017166138,0.0,0,0,251,1189,2712,False,251,1440,82.56944444444444,"Somewhat active (7,500-9,999)",,,,False,Sunday,True,18
6290855005,2016-05-09,6277,4.75,4.75,0.0,0.0,0.0,4.73000001907349,0.0199999995529652,0,0,264,800,2175,False,264,1064,75.18796992481202,"Low active (5,000-7,499)",,,,False,Monday,False,19
6290855005,2016-05-10,0,0.0,0.0,0.0,0.0,0.0,0.0,0.0,0,0,0,1440,0,True,0,1440,100.0,"Sedentary (<5,000)",,,,False,Tuesday,False,19
6775888955,2016-04-12,0,0.0,0.0,0.0,0.0,0.0,0.0,0.0,0,0,0,1440,1841,True,0,1440,100.0,"Sedentary (<5,000)",,,,False,Tuesday,False,15
6775888955,2016-04-13,4053,2.91000008583069,2.91000008583069,0.0,1.11000001430511,0.579999983310699,1.22000002861023,0.0,17,18,85,1053,2400,False,120,1173,89.769820971867,"Sedentary (<5,000)",1.0,235.0,260.0,True,Wednesday,False,15
6775888955,2016-04-14,5162,3.70000004768372,3.70000004768372,0.0,0.870000004768372,0.860000014305115,1.97000002861023,0.0,14,24,105,863,2507,False,143,1006,85.78528827037773,"Low active (5,000-7,499)",1.0,423.0,441.0,True,Thursday,False,15
6775888955,2016-04-15,1282,0.920000016689301,0.920000016689301,0.0,0.0,0.0,0.920000016689301,0.0,0,0,58,976,2127,False,58,1034,94.39071566731141,"Sedentary (<5,000)",1.0,391.0,406.0,True,Friday,False,15
6775888955,2016-04-16,4732,3.39000010490417,3.39000010490417,0.0,2.51999998092651,0.810000002384186,0.0599999986588955,0.0,36,18,9,1377,2225,False,63,1440,95.625,"Sedentary (<5,000)",,,,False,Saturday,True,15
6775888955,2016-04-17,2497,1.78999996185303,1.78999996185303,0.0,0.349999994039536,1.12999999523163,0.310000002384186,0.0,5,24,19,1392,2067,False,48,1440,96.66666666666667,"Sedentary (<5,000)",,,,False,Sunday,True,15
6775888955,2016-04-18,8294,5.94999980926514,5.94999980926514,0.0,2.0,0.769999980926514,3.17000007629395,0.0,30,31,146,1233,2798,False,207,1440,85.625,"Somewhat active (7,500-9,999)",,,,False,Monday,False,16
6775888955,2016-04-19,0,0.0,0.0,0.0,0.0,0.0,0.0,0.0,0,0,0,1440,1841,True,0,1440,100.0,"Sedentary (<5,000)",,,,False,Tuesday,False,16
6775888955,2016-04-20,10771,7.71999979019165,7.71999979019165,0.0,3.76999998092651,1.74000000953674,2.22000002861023,0.0,70,113,178,1079,3727,False,361,1440,74.93055555555556,"Active (10,000-12,499)",,,,False,Wednesday,False,16
6775888955,2016-04-21,0,0.0,0.0,0.0,0.0,0.0,0.0,0.0,0,0,0,1440,1841,True,0,1440,100.0,"Sedentary (<5,000)",,,,False,Thursday,False,16
6775888955,2016-04-22,637,0.46000000834465,0.46000000834465,0.0,0.0,0.0,0.46000000834465,0.0,0,0,20,1420,1922,False,20,1440,98.61111111111111,"Sedentary (<5,000)",,,,False,Friday,False,16
6775888955,2016-04-23,0,0.0,0.0,0.0,0.0,0.0,0.0,0.0,0,0,0,1440,1841,True,0,1440,100.0,"Sedentary (<5,000)",,,,False,Saturday,True,16
6775888955,2016-04-24,2153,1.53999996185303,1.53999996185303,0.0,0.769999980926514,0.620000004768372,0.150000005960464,0.0,11,18,11,1400,2053,False,40,1440,97.22222222222223,"Sedentary (<5,000)",,,,False,Sunday,True,16
6775888955,2016-04-25,6474,4.6399998664856,4.6399998664856,0.0,2.26999998092651,0.46000000834465,1.89999997615814,0.0,33,13,92,1302,2484,False,138,1440,90.41666666666667,"Low active (5,000-7,499)",,,,False,Monday,False,17
6775888955,2016-04-26,7091,5.26999998092651,5.26999998092651,1.95959603786469,3.48000001907349,0.870000004768372,0.730000019073486,0.0,42,30,47,1321,2584,False,119,1440,91.73611111111111,"Low active (5,000-7,499)",,,,False,Tuesday,False,17
6775888955,2016-04-27,0,0.0,0.0,0.0,0.0,0.0,0.0,0.0,0,0,0,1440,1841,True,0,1440,100.0,"Sedentary (<5,000)",,,,False,Wednesday,False,17
6775888955,2016-04-28,703,0.5,0.5,0.0,0.0599999986588955,0.200000002980232,0.239999994635582,0.0,2,13,15,1410,1993,False,30,1440,97.91666666666667,"Sedentary (<5,000)",,,,False,Thursday,False,17
6775888955,2016-04-29,0,0.0,0.0,0.0,0.0,0.0,0.0,0.0,0,0,0,1440,1841,True,0,1440,100.0,"Sedentary (<5,000)",,,,False,Friday,False,17
6775888955,2016-04-30,2503,1.78999996185303,1.78999996185303,0.0,0.159999996423721,0.159999996423721,1.48000001907349,0.0,3,9,84,1344,2280,False,96,1440,93.33333333333333,"Sedentary (<5,000)",,,,False,Saturday,True,17
6775888955,2016-05-01,2487,1.77999997138977,1.77999997138977,0.0,0.479999989271164,0.620000004768372,0.680000007152557,0.0,9,34,50,1347,2319,False,93,1440,93.54166666666667,"Sedentary (<5,000)",,,,False,Sunday,True,17
6775888955,2016-05-02,0,0.0,0.0,0.0,0.0,0.0,0.0,0.0,0,0,0,1440,1841,True,0,1440,100.0,"Sedentary (<5,000)",,,,False,Monday,False,18
6775888955,2016-05-03,9,0.0099999997764825,0.0099999997764825,0.0,0.0,0.0,0.0099999997764825,0.0,0,0,1,1439,1843,False,1,1440,99.93055555555556,"Sedentary (<5,000)",,,,False,Tuesday,False,18
6775888955,2016-05-04,0,0.0,0.0,0.0,0.0,0.0,0.0,0.0,0,0,0,1440,1841,True,0,1440,100.0,"Sedentary (<5,000)",,,,False,Wednesday,False,18
6775888955,2016-05-05,0,0.0,0.0,0.0,0.0,0.0,0.0,0.0,0,0,0,1440,1841,True,0,1440,100.0,"Sedentary (<5,000)",,,,False,Thursday,False,18
6775888955,2016-05-06,4697,3.36999988555908,3.36999988555908,0.0,0.469999998807907,0.930000007152557,1.92999994754791,0.0,12,35,75,1318,2496,False,122,1440,91.52777777777777,"Sedentary (<5,000)",,,,False,Friday,False,18
6775888955,2016-05-07,1967,1.4099999666214,1.4099999666214,0.0,0.129999995231628,0.239999994635582,1.04999995231628,0.0,2,5,49,551,1032,False,56,607,90.77429983525535,"Sedentary (<5,000)",,,,False,Saturday,True,18
6962181067,2016-04-12,10199,6.73999977111816,6.73999977111816,0.0,3.40000009536743,0.829999983310699,2.50999999046326,0.0,50,14,189,796,1994,False,253,1049,75.88179218303146,"Active (10,000-12,499)",1.0,366.0,387.0,True,Tuesday,False,15
6962181067,2016-04-13,5652,3.74000000953674,3.74000000953674,0.0,0.569999992847443,1.21000003814697,1.96000003814697,0.0,8,24,142,548,1718,False,174,722,75.90027700831025,"Low active (5,000-7,499)",3.0,630.0,679.0,True,Wednesday,False,15
6962181067,2016-04-14,1551,1.02999997138977,1.02999997138977,0.0,0.0,0.0,1.02999997138977,0.0,0,0,86,862,1466,False,86,948,90.92827004219409,"Sedentary (<5,000)",2.0,508.0,535.0,True,Thursday,False,15
6962181067,2016-04-15,5563,3.6800000667572,3.6800000667572,0.0,0.0,0.0,3.6800000667572,0.0,0,0,217,837,1756,False,217,1054,79.41176470588235,"Low active (5,000-7,499)",1.0,370.0,386.0,True,Friday,False,15
6962181067,2016-04-16,13217,8.73999977111816,8.73999977111816,0.0,3.66000008583069,0.189999997615814,4.88000011444092,0.0,50,3,280,741,2173,False,333,1074,68.99441340782123,"Highly active (12,500+)",1.0,357.0,366.0,True,Saturday,True,15
6962181067,2016-04-17,10145,6.71000003814697,6.71000003814697,0.0,0.330000013113022,0.680000007152557,5.69000005722046,0.0,5,13,295,634,2027,False,313,947,66.94825765575501,"Active (10,000-12,499)",1.0,427.0,446.0,True,Sunday,True,15
6962181067,2016-04-18,11404,7.53999996185303,7.53999996185303,0.0,0.829999983310699,2.39000010490417,4.32000017166138,0.0,13,42,238,689,2039,False,293,982,70.16293279022403,"Active (10,000-12,499)",1.0,442.0,458.0,True,Monday,False,16
6962181067,2016-04-19,10742,7.09999990463257,7.09999990463257,0.0,2.09999990463257,2.13000011444092,2.86999988555908,0.0,35,41,195,659,2046,False,271,930,70.86021505376344,"Active (10,000-12,499)",1.0,476.0,535.0,True,Tuesday,False,16
6962181067,2016-04-20,13928,9.55000019073486,9.55000019073486,0.0,4.28000020980835,0.189999997615814,5.09000015258789,0.0,48,4,297,639,2174,False,349,988,64.67611336032388,"Highly active (12,500+)",1.0,418.0,424.0,True,Wednesday,False,16
6962181067,2016-04-21,11835,9.71000003814697,7.88000011444092,4.08169221878052,3.99000000953674,2.09999990463257,3.50999999046326,0.109999999403954,53,27,214,708,2179,False,294,1002,70.65868263473054,"Active (10,000-12,499)",1.0,451.0,457.0,True,Thursday,False,16
6962181067,2016-04-22,10725,7.09000015258789,7.09000015258789,0.0,1.76999998092651,1.54999995231628,3.76999998092651,0.0,30,33,240,659,2086,False,303,962,68.5031185031185,"Active (10,000-12,499)",1.0,425.0,435.0,True,Friday,False,16
6962181067,2016-04-23,20031,13.2399997711182,13.2399997711182,0.0,4.19999980926514,2.0,7.03999996185303,0.0,58,41,347,484,2571,False,446,930,52.043010752688176,"Highly active (12,500+)",1.0,528.0,546.0,True,Saturday,True,16
6962181067,2016-04-24,5029,3.3199999332428,3.3199999332428,0.0,0.0,0.0,3.3199999332428,0.0,0,0,199,720,1705,False,199,919,78.34602829162132,"Low active (5,000-7,499)",1.0,511.0,514.0,True,Sunday,True,16
6962181067,2016-04-25,13239,9.27000045776367,9.07999992370605,2.78517508506775,3.01999998092651,1.67999994754791,4.46000003814697,0.100000001490116,35,31,282,637,2194,False,348,985,64.67005076142132,"Highly active (12,500+)",1.0,400.0,415.0,True,Monday,False,17
6962181067,2016-04-26,10433,6.90000009536743,6.90000009536743,0.0,2.57999992370605,0.419999986886978,3.90000009536743,0.0,36,7,254,680,2012,False,297,977,69.60081883316275,"Active (10,000-12,499)",1.0,441.0,446.0,True,Tuesday,False,17
6962181067,2016-04-27,10320,6.82000017166138,6.82000017166138,0.0,0.550000011920929,2.01999998092651,4.25,0.0,7,38,279,697,2034,False,324,1021,68.2664054848188,"Active (10,000-12,499)",1.0,455.0,467.0,True,Wednesday,False,17
6962181067,2016-04-28,12627,8.35000038146973,8.35000038146973,0.0,2.50999999046326,0.239999994635582,5.59000015258789,0.0,38,8,288,621,2182,False,334,955,65.0261780104712,"Highly active (12,500+)",1.0,440.0,453.0,True,Thursday,False,17
6962181067,2016-04-29,10762,7.1100001335144,7.1100001335144,0.0,0.819999992847443,0.479999989271164,5.80999994277954,0.0,12,15,369,645,2254,False,396,1041,61.95965417867435,"Active (10,000-12,499)",1.0,433.0,447.0,True,Friday,False,17
6962181067,2016-04-30,10081,6.65999984741211,6.65999984741211,0.0,2.24000000953674,0.759999990463257,3.67000007629395,0.0,32,16,237,731,2002,False,285,1016,71.94881889763779,"Active (10,000-12,499)",1.0,422.0,424.0,True,Saturday,True,17
6962181067,2016-05-01,5454,3.60999989509583,3.60999989509583,0.0,0.0,0.0,3.60999989509583,0.0,0,0,215,722,1740,False,215,937,77.05442902881536,"Low active (5,000-7,499)",1.0,411.0,426.0,True,Sunday,True,17
6962181067,2016-05-02,12912,8.53999996185303,8.53999996185303,0.0,1.20000004768372,2.0,5.34000015258789,0.0,18,39,313,655,2162,False,370,1025,63.90243902439025,"Highly active (12,500+)",1.0,466.0,482.0,True,Monday,False,18
6962181067,2016-05-03,12109,8.11999988555908,8.11999988555908,0.0,1.74000000953674,2.03999996185303,4.32999992370605,0.0,21,36,267,654,2072,False,324,978,66.87116564417178,"Active (10,000-12,499)",1.0,394.0,418.0,True,Tuesday,False,18
6962181067,2016-05-04,10147,6.71000003814697,6.71000003814697,0.0,0.469999998807907,1.67999994754791,4.55000019073486,0.0,15,36,284,683,2086,False,335,1018,67.09233791748527,"Active (10,000-12,499)",1.0,442.0,455.0,True,Wednesday,False,18
6962181067,2016-05-05,10524,6.96000003814697,6.96000003814697,0.0,0.990000009536743,1.1599999666214,4.80999994277954,0.0,14,22,305,591,2066,False,341,932,63.412017167381975,"Active (10,000-12,499)",1.0,467.0,491.0,True,Thursday,False,18
6962181067,2016-05-06,5908,3.91000008583069,3.91000008583069,0.0,0.0,0.0,3.91000008583069,0.0,0,0,299,717,1850,False,299,1016,70.57086614173228,"Low active (5,000-7,499)",1.0,443.0,462.0,True,Friday,False,18
6962181067,2016-05-07,6815,4.5,4.5,0.0,0.0,0.0,4.5,0.0,0,0,328,745,1947,False,328,1073,69.43150046598322,"Low active (5,000-7,499)",1.0,298.0,334.0,True,Saturday,True,18
6962181067,2016-05-08,4188,2.76999998092651,2.76999998092651,0.0,0.0,0.519999980926514,2.25,0.0,0,14,151,709,1659,False,165,874,81.1212814645309,"Sedentary (<5,000)",1.0,541.0,569.0,True,Sunday,True,18
6962181067,2016-05-09,12342,8.72000026702881,8.68000030517578,3.16782188415527,3.90000009536743,1.17999994754791,3.65000009536743,0.0,43,21,231,607,2105,False,295,902,67.29490022172949,"Active (10,000-12,499)",1.0,489.0,497.0,True,Monday,False,19
6962181067,2016-05-10,15448,10.210000038147,10.210000038147,0.0,3.47000002861023,1.75,4.98999977111816,0.0,62,34,275,626,2361,False,371,997,62.788365095285855,"Highly active (12,500+)",1.0,469.0,481.0,True,Tuesday,False,19
6962181067,2016-05-11,6722,4.44000005722046,4.44000005722046,0.0,1.49000000953674,0.310000002384186,2.65000009536743,0.0,24,7,199,709,1855,False,230,939,75.50585729499467,"Low active (5,000-7,499)",1.0,452.0,480.0,True,Wednesday,False,19
6962181067,2016-05-12,3587,2.36999988555908,2.36999988555908,0.0,0.0,0.25,2.10999989509583,0.0,0,8,105,127,928,False,113,240,52.916666666666664,"Sedentary (<5,000)",1.0,516.0,535.0,True,Thursday,False,19
7007744171,2016-04-12,14172,10.289999961853,9.47999954223633,4.8697829246521,4.5,0.379999995231628,5.40999984741211,0.0,53,8,355,1024,2937,False,416,1440,71.11111111111111,"Highly active (12,500+)",,,,False,Tuesday,False,15
7007744171,2016-04-13,12862,9.64999961853027,8.60000038146973,4.8513069152832,4.6100001335144,0.560000002384186,4.48000001907349,0.0,56,22,261,1101,2742,False,339,1440,76.45833333333333,"Highly active (12,500+)",,,,False,Wednesday,False,15
7007744171,2016-04-14,11179,8.23999977111816,7.48000001907349,3.28541493415833,2.95000004768372,0.340000003576279,4.96000003814697,0.0,34,6,304,1096,2668,False,344,1440,76.11111111111111,"Active (10,000-12,499)",,,,False,Thursday,False,15
7007744171,2016-04-15,5273,3.52999997138977,3.52999997138977,0.0,0.0,0.0,3.52999997138977,0.0,0,0,202,1238,2098,False,202,1440,85.97222222222223,"Low active (5,000-7,499)",,,,False,Friday,False,15
7007744171,2016-04-16,4631,3.09999990463257,3.09999990463257,0.0,0.0,0.0,3.09999990463257,0.0,0,0,203,1155,2076,False,203,1358,85.05154639175258,"Sedentary (<5,000)",1.0,79.0,82.0,True,Saturday,True,15
7007744171,2016-04-17,8059,5.3899998664856,5.3899998664856,0.0,0.0,0.0,5.3899998664856,0.0,0,0,305,1135,2383,False,305,1440,78.81944444444444,"Somewhat active (7,500-9,999)",,,,False,Sunday,True,15
7007744171,2016-04-18,14816,10.9799995422363,9.90999984741211,4.93055009841919,3.78999996185303,2.11999988555908,5.05000019073486,0.0199999995529652,48,31,284,1077,2832,False,363,1440,74.79166666666667,"Highly active (12,500+)",,,,False,Monday,False,16
7007744171,2016-04-19,14194,10.4799995422363,9.5,4.94214200973511,4.40999984741211,0.759999990463257,5.30999994277954,0.0,53,17,304,1066,2812,False,374,1440,74.02777777777777,"Highly active (12,500+)",,,,False,Tuesday,False,16
7007744171,2016-04-20,15566,11.3100004196167,10.4099998474121,4.92484092712402,4.78999996185303,0.670000016689301,5.8600001335144,0.0,60,33,347,1000,3096,False,440,1440,69.44444444444444,"Highly active (12,500+)",,,,False,Wednesday,False,16
7007744171,2016-04-21,13744,9.1899995803833,9.1899995803833,0.0,2.15000009536743,1.87000000476837,5.17000007629395,0.0,30,34,327,1049,2763,False,391,1440,72.84722222222223,"Highly active (12,500+)",,,,False,Thursday,False,16
7007744171,2016-04-22,15299,10.2399997711182,10.2399997711182,0.0,4.09999990463257,1.75999999046326,4.36999988555908,0.0,64,50,261,1065,2889,False,375,1440,73.95833333333333,"Highly active (12,500+)",,,,False,Friday,False,16
7007744171,2016-04-23,8093,5.40999984741211,5.40999984741211,0.0,0.129999995231628,1.12999999523163,4.15000009536743,0.0,2,25,223,1190,2284,False,250,1440,82.63888888888889,"Somewhat active (7,500-9,999)",,,,False,Saturday,True,16
7007744171,2016-04-24,11085,7.42000007629395,7.42000007629395,0.0,0.0,0.0,7.42000007629395,0.0,0,0,419,1021,2667,False,419,1440,70.90277777777777,"Active (10,000-12,499)",,,,False,Sunday,True,16
7007744171,2016-04-25,18229,13.3400001525879,12.1999998092651,4.86179208755493,4.30999994277954,1.37000000476837,7.67000007629395,0.0,51,24,379,986,3055,False,454,1440,68.47222222222223,"Highly active (12,500+)",,,,False,Monday,False,17
7007744171,2016-04-26,15090,10.1000003814697,10.1000003814697,0.0,0.930000007152557,0.939999997615814,8.22999954223633,0.0,16,22,424,978,2939,False,462,1440,67.91666666666667,"Highly active (12,500+)",,,,False,Tuesday,False,17
7007744171,2016-04-27,13541,10.2200002670288,9.0600004196167,4.88560485839844,4.26999998092651,0.660000026226044,5.28999996185303,0.0,50,12,337,1041,2830,False,399,1440,72.29166666666667,"Highly active (12,500+)",,,,False,Wednesday,False,17
7007744171,2016-04-28,15128,10.1199998855591,10.1199998855591,0.0,1.0900000333786,0.769999980926514,8.26000022888184,0.0,16,16,401,1007,2836,False,433,1440,69.93055555555556,"Highly active (12,500+)",,,,False,Thursday,False,17
7007744171,2016-04-29,20067,14.3000001907349,13.4200000762939,4.91114616394043,4.30999994277954,2.04999995231628,7.94999980926514,0.0,55,42,382,961,3180,False,479,1440,66.73611111111111,"Highly active (12,500+)",,,,False,Friday,False,17
7007744171,2016-04-30,3761,2.51999998092651,2.51999998092651,0.0,0.0,0.0,2.51999998092651,0.0,0,0,200,1240,2051,False,200,1440,86.11111111111111,"Sedentary (<5,000)",,,,False,Saturday,True,17
7007744171,2016-05-01,5600,3.75,3.75,0.0,0.0,0.0,3.75,0.0,0,0,237,1142,2225,False,237,1379,82.81363306744018,"Low active (5,000-7,499)",1.0,58.0,61.0,True,Sunday,True,17
7007744171,2016-05-02,13041,9.18000030517578,8.72000026702881,2.83232593536377,4.6399998664856,0.699999988079071,3.82999992370605,0.0,64,14,250,1112,2642,False,328,1440,77.22222222222223,"Highly active (12,500+)",,,,False,Monday,False,18
7007744171,2016-05-03,14510,10.8699998855591,9.71000003814697,4.91236782073975,4.48000001907349,1.01999998092651,5.3600001335144,0.0,58,31,330,1021,2976,False,419,1440,70.90277777777777,"Highly active (12,500+)",,,,False,Tuesday,False,18
7007744171,2016-05-04,0,0.0,0.0,0.0,0.0,0.0,0.0,0.0,0,0,0,1440,1557,True,0,1440,100.0,"Sedentary (<5,000)",,,,False,Wednesday,False,18
7007744171,2016-05-05,15010,11.1000003814697,10.039999961853,4.8782320022583,4.32999992370605,1.28999996185303,5.48000001907349,0.0,53,23,317,1047,2933,False,393,1440,72.70833333333333,"Highly active (12,500+)",,,,False,Thursday,False,18
7007744171,2016-05-06,11459,7.67000007629395,7.67000007629395,0.0,3.0,0.810000002384186,3.85999989509583,0.0,44,13,247,1136,2553,False,304,1440,78.88888888888889,"Active (10,000-12,499)",,,,False,Friday,False,18
7007744171,2016-05-07,0,0.0,0.0,0.0,0.0,0.0,0.0,0.0,0,0,0,111,120,False,0,111,100.0,"Sedentary (<5,000)",,,,False,Saturday,True,18
7086361926,2016-04-12,11317,8.40999984741211,8.40999984741211,0.0,5.26999998092651,0.150000005960464,2.97000002861023,0.0,59,6,153,745,2772,False,218,963,77.36240913811007,"Active (10,000-12,499)",1.0,514.0,525.0,True,Tuesday,False,15
7086361926,2016-04-13,5813,3.61999988555908,3.61999988555908,0.0,0.560000002384186,0.209999993443489,2.83999991416931,0.0,31,26,155,744,2516,False,212,956,77.82426778242677,"Low active (5,000-7,499)",1.0,451.0,465.0,True,Wednesday,False,15
7086361926,2016-04-14,9123,6.11999988555908,6.11999988555908,0.0,2.02999997138977,0.330000013113022,3.66000008583069,0.0,35,32,189,787,2734,False,256,1043,75.45541706615532,"Somewhat active (7,500-9,999)",1.0,472.0,476.0,True,Thursday,False,15
7086361926,2016-04-15,8585,5.67000007629395,5.67000007629395,0.0,2.03999996185303,1.11000001430511,2.52999997138977,0.0,30,21,139,864,2395,False,190,1054,81.97343453510436,"Somewhat active (7,500-9,999)",1.0,377.0,386.0,True,Friday,False,15
7086361926,2016-04-16,31,0.0099999997764825,0.0099999997764825,0.0,0.0,0.0,0.0099999997764825,0.0,0,0,3,1437,1635,False,3,1440,99.79166666666667,"Sedentary (<5,000)",,,,False,Saturday,True,15
7086361926,2016-04-17,0,0.0,0.0,0.0,0.0,0.0,0.0,0.0,0,0,0,1440,1629,True,0,1440,100.0,"Sedentary (<5,000)",,,,False,Sunday,True,15
7086361926,2016-04-18,9827,6.71000003814697,6.71000003814697,0.0,3.17000007629395,1.22000002861023,2.30999994277954,0.0,61,51,114,1136,2743,False,226,1362,83.40675477239354,"Somewhat active (7,500-9,999)",,,,False,Monday,False,16
7086361926,2016-04-19,10688,7.28999996185303,7.28999996185303,0.0,3.52999997138977,1.23000001907349,2.50999999046326,0.0,67,69,124,671,2944,False,260,931,72.07303974221267,"Active (10,000-12,499)",1.0,472.0,483.0,True,Tuesday,False,16
7086361926,2016-04-20,14365,10.6400003433228,10.6400003433228,0.0,7.6399998664856,0.449999988079071,2.53999996185303,0.0,87,13,145,797,2997,False,245,1042,76.48752399232245,"Highly active (12,500+)",1.0,492.0,502.0,True,Wednesday,False,16
7086361926,2016-04-21,9469,6.17999982833862,6.17999982833862,0.0,1.36000001430511,0.300000011920929,4.51000022888184,0.0,19,6,206,758,2463,False,231,989,76.64307381193125,"Somewhat active (7,500-9,999)",1.0,390.0,411.0,True,Thursday,False,16
7086361926,2016-04-22,9753,6.53000020980835,6.53000020980835,0.0,2.86999988555908,0.970000028610229,2.67000007629395,0.0,58,59,153,762,2846,False,270,1032,73.83720930232558,"Somewhat active (7,500-9,999)",1.0,428.0,448.0,True,Friday,False,16
7086361926,2016-04-23,2817,1.80999994277954,1.80999994277954,0.0,0.0,0.0,1.79999995231628,0.0,0,0,90,1350,1965,False,90,1440,93.75,"Sedentary (<5,000)",,,,False,Saturday,True,16
7086361926,2016-04-24,3520,2.16000008583069,2.16000008583069,0.0,0.0,0.0,2.15000009536743,0.0,0,0,125,566,2049,False,125,691,81.91027496382056,"Sedentary (<5,000)",1.0,681.0,704.0,True,Sunday,True,16
7086361926,2016-04-25,10091,6.82000017166138,6.82000017166138,0.0,3.75,0.699999988079071,2.36999988555908,0.0,69,39,129,706,2752,False,237,943,74.86744432661717,"Active (10,000-12,499)",1.0,446.0,447.0,True,Monday,False,17
7086361926,2016-04-26,10387,7.07000017166138,7.07000017166138,0.0,4.15999984741211,0.769999980926514,2.11999988555908,0.0,70,33,132,726,2781,False,235,961,75.54630593132154,"Active (10,000-12,499)",1.0,485.0,500.0,True,Tuesday,False,17
7086361926,2016-04-27,11107,8.34000015258789,8.34000015258789,0.0,5.63000011444092,0.180000007152557,2.52999997138977,0.0,55,6,145,829,2693,False,206,1035,80.09661835748793,"Active (10,000-12,499)",1.0,469.0,479.0,True,Wednesday,False,17
7086361926,2016-04-28,11584,7.80000019073486,7.80000019073486,0.0,2.78999996185303,1.63999998569489,3.35999989509583,0.0,54,48,161,810,2862,False,263,1073,75.48928238583412,"Active (10,000-12,499)",1.0,354.0,367.0,True,Thursday,False,17
7086361926,2016-04-29,7881,4.94999980926514,4.94999980926514,0.0,0.490000009536743,0.449999988079071,4.0,0.0,24,36,182,1198,2616,False,242,1440,83.19444444444444,"Somewhat active (7,500-9,999)",,,,False,Friday,False,17
7086361926,2016-04-30,14560,9.40999984741211,9.40999984741211,0.0,3.11999988555908,1.03999996185303,5.23999977111816,0.0,42,17,308,584,2995,False,367,951,61.409043112513146,"Highly active (12,500+)",1.0,485.0,489.0,True,Saturday,True,17
7086361926,2016-05-01,12390,8.06999969482422,8.06999969482422,0.0,2.29999995231628,0.899999976158142,4.84999990463257,0.0,30,15,258,685,2730,False,303,988,69.33198380566802,"Active (10,000-12,499)",1.0,388.0,407.0,True,Sunday,True,17
7086361926,2016-05-02,10052,6.80999994277954,6.80999994277954,0.0,3.48000001907349,0.660000026226044,2.66000008583069,0.0,66,26,139,737,2754,False,231,968,76.13636363636364,"Active (10,000-12,499)",1.0,440.0,459.0,True,Monday,False,18
7086361926,2016-05-03,10288,6.76000022888184,6.76000022888184,0.0,2.74000000953674,0.850000023841858,3.16000008583069,0.0,57,36,152,761,2754,False,245,1006,75.64612326043738,"Active (10,000-12,499)",1.0,456.0,461.0,True,Tuesday,False,18
7086361926,2016-05-04,10988,8.3100004196167,8.3100004196167,0.0,5.28000020980835,0.119999997317791,2.90000009536743,0.0,45,12,135,843,2655,False,192,1035,81.44927536231884,"Active (10,000-12,499)",1.0,420.0,436.0,True,Wednesday,False,18
7086361926,2016-05-05,8564,5.59999990463257,5.59999990463257,0.0,1.77999997138977,0.829999983310699,2.95000004768372,0.0,24,14,149,1253,2386,False,187,1440,87.01388888888889,"Somewhat active (7,500-9,999)",,,,False,Thursday,False,18
7086361926,2016-05-06,12461,8.38000011444092,8.38000011444092,0.0,3.8199999332428,1.42999994754791,3.11999988555908,0.0,84,35,154,834,2924,False,273,1107,75.33875338753387,"Active (10,000-12,499)",1.0,322.0,333.0,True,Friday,False,18
7086361926,2016-05-07,12827,8.47999954223633,8.47999954223633,0.0,1.46000003814697,2.32999992370605,4.67999982833862,0.0,20,42,209,621,2739,False,271,892,69.61883408071749,"Highly active (12,500+)",1.0,530.0,548.0,True,Saturday,True,18
7086361926,2016-05-08,10677,7.09999990463257,7.09999990463257,0.0,2.30999994277954,1.52999997138977,3.25,0.0,32,27,147,695,2534,False,206,901,77.13651498335183,"Active (10,000-12,499)",1.0,481.0,510.0,True,Sunday,True,18
7086361926,2016-05-09,13566,9.10999965667725,9.10999965667725,0.0,4.26000022888184,1.71000003814697,3.11999988555908,0.0,67,50,171,743,2960,False,288,1031,72.06595538312318,"Highly active (12,500+)",1.0,427.0,438.0,True,Monday,False,19
7086361926,2016-05-10,14433,10.789999961853,10.789999961853,0.0,7.1100001335144,1.20000004768372,2.45000004768372,0.0,72,23,106,1182,2800,False,201,1383,85.46637744034707,"Highly active (12,500+)",,,,False,Tuesday,False,19
7086361926,2016-05-11,9572,6.51999998092651,6.51999998092651,0.0,2.89000010490417,1.38999998569489,2.23000001907349,0.0,57,40,128,757,2735,False,225,982,77.08757637474542,"Somewhat active (7,500-9,999)",1.0,451.0,463.0,True,Wednesday,False,19
7086361926,2016-05-12,3789,2.55999994277954,2.55999994277954,0.0,0.379999995231628,0.270000010728836,1.88999998569489,0.0,5,4,58,343,1199,False,67,410,83.65853658536585,"Sedentary (<5,000)",1.0,444.0,457.0,True,Thursday,False,19
8053475328,2016-04-12,18060,14.1199998855591,14.1199998855591,0.0,11.6400003433228,0.389999985694885,2.09999990463257,0.0,116,8,123,1193,3186,False,247,1440,82.84722222222223,"Highly active (12,500+)",,,,False,Tuesday,False,15
8053475328,2016-04-13,16433,13.3500003814697,13.3500003814697,0.0,10.4300003051758,0.469999998807907,2.45000004768372,0.0,95,12,156,1177,3140,False,263,1440,81.73611111111111,"Highly active (12,500+)",,,,False,Wednesday,False,15
8053475328,2016-04-14,20159,15.9700002670288,15.9700002670288,0.0,12.3400001525879,0.209999993443489,3.35999989509583,0.0,119,5,193,1123,3411,False,317,1440,77.98611111111111,"Highly active (12,500+)",,,,False,Thursday,False,15
8053475328,2016-04-15,20669,16.2399997711182,16.2399997711182,0.0,13.2600002288818,0.389999985694885,2.58999991416931,0.0,132,8,158,1142,3410,False,298,1440,79.30555555555556,"Highly active (12,500+)",,,,False,Friday,False,15
8053475328,2016-04-16,14549,11.1099996566772,11.1099996566772,0.0,9.35999965667725,0.270000010728836,1.49000000953674,0.0,96,6,83,1255,2867,False,185,1440,87.15277777777777,"Highly active (12,500+)",,,,False,Saturday,True,15
8053475328,2016-04-17,18827,13.6899995803833,13.6899995803833,0.0,9.23999977111816,0.800000011920929,3.64000010490417,0.0,111,21,195,1113,3213,False,327,1440,77.29166666666667,"Highly active (12,500+)",,,,False,Sunday,True,15
8053475328,2016-04-18,17076,12.6599998474121,12.6599998474121,0.0,9.07999992370605,0.230000004172325,3.34999990463257,0.0,102,6,195,1137,3133,False,303,1440,78.95833333333333,"Highly active (12,500+)",,,,False,Monday,False,16
8053475328,2016-04-19,15929,12.4799995422363,12.4799995422363,0.0,9.22000026702881,0.310000002384186,2.95000004768372,0.0,90,7,191,1152,3114,False,288,1440,80.0,"Highly active (12,500+)",,,,False,Tuesday,False,16
8053475328,2016-04-20,15108,12.1899995803833,12.1899995803833,0.0,9.57999992370605,0.230000004172325,2.38000011444092,0.0,89,5,158,695,3043,False,252,947,73.389651531151,"Highly active (12,500+)",1.0,486.0,493.0,True,Wednesday,False,16
8053475328,2016-04-21,16057,12.5100002288818,12.5100002288818,0.0,9.67000007629395,0.25,2.57999992370605,0.0,100,6,170,1164,3103,False,276,1440,80.83333333333333,"Highly active (12,500+)",,,,False,Thursday,False,16
8053475328,2016-04-22,10520,8.28999996185303,8.28999996185303,0.0,6.26000022888184,0.150000005960464,1.87999999523163,0.0,60,3,117,1260,2655,False,180,1440,87.5,"Active (10,000-12,499)",,,,False,Friday,False,16
8053475328,2016-04-23,22359,17.1900005340576,17.1900005340576,0.0,12.539999961853,0.629999995231628,4.01999998092651,0.0,125,14,223,741,3554,False,362,1103,67.1804170444243,"Highly active (12,500+)",1.0,331.0,337.0,True,Saturday,True,16
8053475328,2016-04-24,22988,17.9500007629395,17.9500007629395,0.0,13.1300001144409,1.54999995231628,3.25999999046326,0.0,129,33,182,1096,3577,False,344,1440,76.11111111111111,"Highly active (12,500+)",,,,False,Sunday,True,16
8053475328,2016-04-25,20500,15.6899995803833,15.6899995803833,0.0,11.3699998855591,0.46000000834465,3.85999989509583,0.0,118,9,209,1104,3403,False,336,1440,76.66666666666667,"Highly active (12,500+)",,,,False,Monday,False,17
8053475328,2016-04-26,12685,9.61999988555908,9.61999988555908,0.0,6.30999994277954,0.200000002980232,3.09999990463257,0.0,68,5,185,1182,2846,False,258,1440,82.08333333333333,"Highly active (12,500+)",,,,False,Tuesday,False,17
8053475328,2016-04-27,12422,9.81999969482422,9.81999969482422,0.0,6.46000003814697,0.430000007152557,2.9300000667572,0.0,60,10,183,1187,2852,False,253,1440,82.43055555555556,"Active (10,000-12,499)",,,,False,Wednesday,False,17
8053475328,2016-04-28,15447,12.3999996185303,12.3999996185303,0.0,9.67000007629395,0.389999985694885,2.34999990463257,0.0,90,9,153,1188,3062,False,252,1440,82.5,"Highly active (12,500+)",,,,False,Thursday,False,17
8053475328,2016-04-29,12315,9.64999961853027,9.64999961853027,0.0,6.17000007629395,0.310000002384186,3.17000007629395,0.0,58,8,159,1215,2794,False,225,1440,84.375,"Active (10,000-12,499)",,,,False,Friday,False,17
8053475328,2016-04-30,7135,5.59000015258789,5.59000015258789,0.0,2.99000000953674,0.0599999986588955,2.53999996185303,0.0,27,1,131,1281,2408,False,159,1440,88.95833333333333,"Low active (5,000-7,499)",,,,False,Saturday,True,17
8053475328,2016-05-01,1170,0.850000023841858,0.850000023841858,0.0,0.0,0.0,0.850000023841858,0.0,0,0,51,1389,1886,False,51,1440,96.45833333333333,"Sedentary (<5,000)",,,,False,Sunday,True,17
8053475328,2016-05-02,1969,1.42999994754791,1.42999994754791,0.0,0.0,0.0,1.42999994754791,0.0,0,0,95,1345,1988,False,95,1440,93.40277777777777,"Sedentary (<5,000)",,,,False,Monday,False,18
8053475328,2016-05-03,15484,11.8999996185303,11.8999996185303,0.0,8.39000034332275,0.930000007152557,2.58999991416931,0.0,87,22,165,1166,3023,False,274,1440,80.97222222222223,"Highly active (12,500+)",,,,False,Tuesday,False,18
8053475328,2016-05-04,14581,11.1499996185303,11.1499996185303,0.0,8.81999969482422,0.400000005960464,1.9099999666214,0.0,89,8,123,1220,2918,False,220,1440,84.72222222222223,"Highly active (12,500+)",,,,False,Wednesday,False,18
8053475328,2016-05-05,14990,11.5100002288818,11.5100002288818,0.0,8.85000038146973,0.449999988079071,2.21000003814697,0.0,93,9,130,1208,2950,False,232,1440,83.88888888888889,"Highly active (12,500+)",,,,False,Thursday,False,18
8053475328,2016-05-06,13953,11.0,11.0,0.0,9.10000038146973,0.689999997615814,1.21000003814697,0.0,90,15,90,1245,2859,False,195,1440,86.45833333333333,"Highly active (12,500+)",,,,False,Friday,False,18
8053475328,2016-05-07,19769,15.6700000762939,15.6700000762939,0.0,12.4399995803833,0.879999995231628,2.34999990463257,0.0,121,20,148,1076,3331,False,289,1365,78.82783882783883,"Highly active (12,500+)",1.0,74.0,75.0,True,Saturday,True,18
8053475328,2016-05-08,22026,17.6499996185303,17.6499996185303,0.0,13.3999996185303,0.589999973773956,3.66000008583069,0.0,125,14,228,1073,3589,False,367,1440,74.51388888888889,"Highly active (12,500+)",,,,False,Sunday,True,18
8053475328,2016-05-09,12465,9.38000011444092,9.38000011444092,0.0,6.11999988555908,0.569999992847443,2.69000005722046,0.0,66,12,148,1214,2765,False,226,1440,84.30555555555556,"Active (10,000-12,499)",,,,False,Monday,False,19
8053475328,2016-05-10,14810,11.3599996566772,11.3599996566772,0.0,9.09000015258789,0.419999986886978,1.85000002384186,0.0,96,10,115,1219,2926,False,221,1440,84.65277777777777,"Highly active (12,500+)",,,,False,Tuesday,False,19
8053475328,2016-05-11,12209,9.39999961853027,9.39999961853027,0.0,6.07999992370605,0.280000001192093,3.03999996185303,0.0,60,7,184,1189,2809,False,251,1440,82.56944444444444,"Active (10,000-12,499)",,,,False,Wednesday,False,19
8053475328,2016-05-12,4998,3.91000008583069,3.91000008583069,0.0,2.95000004768372,0.200000002980232,0.759999990463257,0.0,28,4,39,839,1505,False,71,910,92.1978021978022,"Sedentary (<5,000)",,,,False,Thursday,False,19
8253242879,2016-04-12,9033,7.15999984741211,7.15999984741211,0.0,5.42999982833862,0.140000000596046,1.5900000333786,0.0,40,2,154,1244,2044,False,196,1440,86.38888888888889,"Somewhat active (7,500-9,999)",,,,False,Tuesday,False,15
8253242879,2016-04-13,8053,6.09999990463257,6.09999990463257,0.0,4.17000007629395,0.629999995231628,1.30999994277954,0.0,35,11,96,1298,1935,False,142,1440,90.13888888888889,"Somewhat active (7,500-9,999)",,,,False,Wednesday,False,15
8253242879,2016-04-14,5234,3.46000003814697,3.46000003814697,0.0,1.92999994754791,0.990000009536743,0.540000021457672,0.0,29,16,33,1362,1705,False,78,1440,94.58333333333333,"Low active (5,000-7,499)",,,,False,Thursday,False,15
8253242879,2016-04-15,2672,1.76999998092651,1.76999998092651,0.0,0.0,0.0,1.75999999046326,0.0,0,0,105,1335,1632,False,105,1440,92.70833333333333,"Sedentary (<5,000)",,,,False,Friday,False,15
8253242879,2016-04-16,9256,6.1399998664856,6.1399998664856,0.0,0.430000007152557,3.26999998092651,2.45000004768372,0.0,6,51,115,1268,1880,False,172,1440,88.05555555555556,"Somewhat active (7,500-9,999)",,,,False,Saturday,True,15
8253242879,2016-04-17,10204,7.90999984741211,7.90999984741211,0.0,5.42999982833862,0.150000005960464,2.32999992370605,0.0,41,5,157,1237,2112,False,203,1440,85.90277777777777,"Active (10,000-12,499)",,,,False,Sunday,True,15
8253242879,2016-04-18,5151,3.48000001907349,3.48000001907349,0.0,1.03999996185303,0.629999995231628,1.79999995231628,0.0,16,16,130,1278,1829,False,162,1440,88.75,"Low active (5,000-7,499)",,,,False,Monday,False,16
8253242879,2016-04-19,4212,2.77999997138977,2.77999997138977,0.0,0.0,0.0,2.77999997138977,0.0,0,0,164,1276,1763,False,164,1440,88.61111111111111,"Sedentary (<5,000)",,,,False,Tuesday,False,16
8253242879,2016-04-20,6466,4.26999998092651,4.26999998092651,0.0,0.330000013113022,0.819999992847443,3.10999989509583,0.0099999997764825,5,18,216,1201,1931,False,239,1440,83.40277777777777,"Low active (5,000-7,499)",,,,False,Wednesday,False,16
8253242879,2016-04-21,11268,8.5600004196167,8.5600004196167,0.0,5.88000011444092,0.930000007152557,1.75,0.0,49,20,172,1199,2218,False,241,1440,83.26388888888889,"Active (10,000-12,499)",,,,False,Thursday,False,16
8253242879,2016-04-22,2824,1.87000000476837,1.87000000476837,0.0,0.0,0.0,1.87000000476837,0.0,0,0,120,1320,1651,False,120,1440,91.66666666666667,"Sedentary (<5,000)",,,,False,Friday,False,16
8253242879,2016-04-23,9282,6.26000022888184,6.26000022888184,0.0,2.08999991416931,1.03999996185303,3.13000011444092,0.0,30,26,191,1193,2132,False,247,1440,82.84722222222223,"Somewhat active (7,500-9,999)",,,,False,Saturday,True,16
8253242879,2016-04-24,8905,7.13000011444092,7.13000011444092,0.0,5.59999990463257,0.189999997615814,1.3400000333786,0.0,41,4,82,1313,1976,False,127,1440,91.18055555555556,"Somewhat active (7,500-9,999)",,,,False,Sunday,True,16
8253242879,2016-04-25,6829,4.51000022888184,4.51000022888184,0.0,0.360000014305115,2.39000010490417,1.76999998092651,0.0,7,54,118,1261,1909,False,179,1440,87.56944444444444,"Low active (5,000-7,499)",,,,False,Monday,False,17
8253242879,2016-04-26,4562,3.03999996185303,3.03999996185303,0.0,1.17999994754791,0.490000009536743,1.37000000476837,0.0,19,14,108,1299,1813,False,141,1440,90.20833333333333,"Sedentary (<5,000)",,,,False,Tuesday,False,17
8253242879,2016-04-27,10232,8.18000030517578,8.18000030517578,0.0,6.23999977111816,0.230000004172325,1.70000004768372,0.0,45,5,104,1286,2008,False,154,1440,89.30555555555556,"Active (10,000-12,499)",,,,False,Wednesday,False,17
8253242879,2016-04-28,2718,1.79999995231628,1.79999995231628,0.0,0.670000016689301,0.779999971389771,0.340000003576279,0.0,11,16,20,1393,1580,False,47,1440,96.73611111111111,"Sedentary (<5,000)",,,,False,Thursday,False,17
8253242879,2016-04-29,6260,4.26000022888184,4.26000022888184,0.0,1.28999996185303,0.540000021457672,2.40000009536743,0.0,16,14,136,1257,1854,False,166,1423,88.33450456781448,"Low active (5,000-7,499)",,,,False,Friday,False,17
8253242879,2016-04-30,0,0.0,0.0,0.0,0.0,0.0,0.0,0.0,0,0,0,1440,0,True,0,1440,100.0,"Sedentary (<5,000)",,,,False,Saturday,True,17
8378563200,2016-04-12,7626,6.05000019073486,6.05000019073486,2.25308108329773,0.829999983310699,0.709999978542328,4.5,0.0,65,15,156,723,3635,False,236,959,75.3910323253389,"Somewhat active (7,500-9,999)",1.0,338.0,356.0,True,Tuesday,False,15
8378563200,2016-04-13,12386,9.81999969482422,9.81999969482422,2.0921471118927,4.96000003814697,0.649999976158142,4.21000003814697,0.0,116,14,169,680,4079,False,299,979,69.45863125638407,"Active (10,000-12,499)",2.0,447.0,487.0,True,Wednesday,False,15
8378563200,2016-04-14,13318,10.5600004196167,10.5600004196167,2.25308108329773,5.61999988555908,1.02999997138977,3.91000008583069,0.0,123,21,174,699,4163,False,318,1017,68.73156342182891,"Highly active (12,500+)",1.0,424.0,455.0,True,Thursday,False,15
8378563200,2016-04-15,14461,11.4700002670288,11.4700002670288,0.0,4.90999984741211,1.14999997615814,5.40999984741211,0.0,60,23,190,729,3666,False,273,1002,72.75449101796407,"Highly active (12,500+)",1.0,513.0,533.0,True,Friday,False,15
8378563200,2016-04-16,11207,8.89000034332275,8.89000034332275,0.0,5.36999988555908,1.07000005245209,2.44000005722046,0.0,64,21,142,563,3363,False,227,790,71.26582278481013,"Active (10,000-12,499)",2.0,611.0,689.0,True,Saturday,True,15
8378563200,2016-04-17,2132,1.69000005722046,1.69000005722046,0.0,0.0,0.0,1.69000005722046,0.0,0,0,93,599,2572,False,93,692,86.5606936416185,"Sedentary (<5,000)",2.0,525.0,591.0,True,Sunday,True,15
8378563200,2016-04-18,13630,10.8100004196167,10.8100004196167,2.0921471118927,5.05000019073486,0.560000002384186,5.19999980926514,0.0,117,10,174,720,4157,False,301,1021,70.51909892262488,"Highly active (12,500+)",1.0,398.0,451.0,True,Monday,False,16
8378563200,2016-04-19,13070,10.3599996566772,10.3599996566772,2.25308108329773,5.30000019073486,0.879999995231628,4.17999982833862,0.0,120,19,154,737,4092,False,293,1030,71.55339805825243,"Highly active (12,500+)",1.0,387.0,421.0,True,Tuesday,False,16
8378563200,2016-04-20,9388,7.44000005722046,7.44000005722046,2.0921471118927,2.23000001907349,0.439999997615814,4.78000020980835,0.0,82,8,169,763,3787,False,259,1022,74.65753424657534,"Somewhat active (7,500-9,999)",1.0,381.0,409.0,True,Wednesday,False,16
8378563200,2016-04-21,15148,12.0100002288818,12.0100002288818,2.25308108329773,6.90000009536743,0.819999992847443,4.28999996185303,0.0,137,16,145,677,4236,False,298,975,69.43589743589743,"Highly active (12,500+)",1.0,396.0,417.0,True,Thursday,False,16
8378563200,2016-04-22,12200,9.67000007629395,9.67000007629395,2.0921471118927,4.90999984741211,0.589999973773956,4.17999982833862,0.0,113,12,159,769,4044,False,284,1053,73.02943969610637,"Active (10,000-12,499)",1.0,441.0,469.0,True,Friday,False,16
8378563200,2016-04-23,5709,4.53000020980835,4.53000020980835,0.0,1.51999998092651,0.519999980926514,2.48000001907349,0.0,19,10,136,740,2908,False,165,905,81.76795580110497,"Low active (5,000-7,499)",1.0,565.0,591.0,True,Saturday,True,16
8378563200,2016-04-24,3703,2.94000005722046,2.94000005722046,0.0,0.0,0.0,2.94000005722046,0.0,0,0,135,734,2741,False,135,869,84.46490218642117,"Sedentary (<5,000)",1.0,458.0,492.0,True,Sunday,True,16
8378563200,2016-04-25,12405,9.84000015258789,9.84000015258789,2.0921471118927,5.05000019073486,0.870000004768372,3.92000007629395,0.0,117,16,141,692,4005,False,274,966,71.63561076604555,"Active (10,000-12,499)",1.0,388.0,402.0,True,Monday,False,17
8378563200,2016-04-26,16208,12.8500003814697,12.8500003814697,0.0,7.51000022888184,0.920000016689301,4.42000007629395,0.0,90,18,161,593,3763,False,269,862,68.79350348027842,"Highly active (12,500+)",1.0,550.0,584.0,True,Tuesday,False,17
8378563200,2016-04-27,7359,5.84000015258789,5.84000015258789,0.0,0.330000013113022,0.180000007152557,5.32999992370605,0.0,4,4,192,676,3061,False,200,876,77.1689497716895,"Low active (5,000-7,499)",1.0,531.0,600.0,True,Wednesday,False,17
8378563200,2016-04-28,5417,4.30000019073486,4.30000019073486,0.0,0.899999976158142,0.490000009536743,2.91000008583069,0.0,11,10,139,711,2884,False,160,871,81.63030998851895,"Low active (5,000-7,499)",1.0,506.0,556.0,True,Thursday,False,17
8378563200,2016-04-29,6175,4.90000009536743,4.90000009536743,0.0,0.25,0.360000014305115,4.26999998092651,0.0,3,7,172,767,2982,False,182,949,80.82191780821918,"Low active (5,000-7,499)",1.0,527.0,562.0,True,Friday,False,17
8378563200,2016-04-30,2946,2.33999991416931,2.33999991416931,0.0,0.0,0.0,2.33999991416931,0.0,0,0,121,780,2660,False,121,901,86.57047724750278,"Sedentary (<5,000)",1.0,468.0,555.0,True,Saturday,True,17
8378563200,2016-05-01,11419,9.0600004196167,9.0600004196167,0.0,6.03000020980835,0.560000002384186,2.47000002861023,0.0,71,10,127,669,3369,False,208,877,76.28278221208666,"Active (10,000-12,499)",1.0,475.0,539.0,True,Sunday,True,17
8378563200,2016-05-02,6064,4.80999994277954,4.80999994277954,2.0921471118927,0.629999995231628,0.170000001788139,4.01000022888184,0.0,63,4,142,802,3491,False,209,1011,79.32739861523244,"Low active (5,000-7,499)",1.0,351.0,385.0,True,Monday,False,18
8378563200,2016-05-03,8712,6.90999984741211,6.90999984741211,2.25308108329773,1.3400000333786,1.05999994277954,4.5,0.0,71,20,195,822,3784,False,286,1108,74.18772563176896,"Somewhat active (7,500-9,999)",1.0,405.0,429.0,True,Tuesday,False,18
8378563200,2016-05-04,7875,6.23999977111816,6.23999977111816,0.0,1.55999994277954,0.490000009536743,4.19999980926514,0.0,19,10,167,680,3110,False,196,876,77.62557077625571,"Somewhat active (7,500-9,999)",1.0,441.0,477.0,True,Wednesday,False,18
8378563200,2016-05-05,8567,6.78999996185303,6.78999996185303,2.25308108329773,0.889999985694885,0.159999996423721,5.73999977111816,0.0,66,3,214,764,3783,False,283,1047,72.97039159503343,"Somewhat active (7,500-9,999)",1.0,381.0,417.0,True,Thursday,False,18
8378563200,2016-05-06,7045,5.59000015258789,5.59000015258789,2.0921471118927,1.54999995231628,0.25,3.77999997138977,0.0,74,5,166,831,3644,False,245,1076,77.23048327137546,"Low active (5,000-7,499)",1.0,323.0,355.0,True,Friday,False,18
8378563200,2016-05-07,4468,3.53999996185303,3.53999996185303,0.0,0.0,0.0,3.53999996185303,0.0,0,0,158,851,2799,False,158,1009,84.34093161546085,"Sedentary (<5,000)",2.0,459.0,513.0,True,Saturday,True,18
8378563200,2016-05-08,2943,2.32999992370605,2.32999992370605,0.0,0.0,0.0,2.32999992370605,0.0,0,0,139,621,2685,False,139,760,81.71052631578948,"Sedentary (<5,000)",1.0,545.0,606.0,True,Sunday,True,18
8378563200,2016-05-09,8382,6.65000009536743,6.65000009536743,2.0921471118927,1.26999998092651,0.660000026226044,4.71999979019165,0.0,71,13,171,772,3721,False,255,1027,75.17039922103213,"Somewhat active (7,500-9,999)",1.0,359.0,399.0,True,Monday,False,19
8378563200,2016-05-10,6582,5.21999979019165,5.21999979019165,2.25308108329773,0.660000026226044,0.639999985694885,3.92000007629395,0.0,63,13,152,840,3586,False,228,1068,78.65168539325843,"Low active (5,000-7,499)",1.0,342.0,391.0,True,Tuesday,False,19
8378563200,2016-05-11,9143,7.25,7.25,2.0921471118927,1.38999998569489,0.589999973773956,5.26999998092651,0.0,72,10,184,763,3788,False,266,1029,74.14965986394557,"Somewhat active (7,500-9,999)",1.0,368.0,387.0,True,Wednesday,False,19
8378563200,2016-05-12,4561,3.61999988555908,3.61999988555908,0.0,0.649999976158142,0.270000010728836,2.69000005722046,0.0,8,6,102,433,1976,False,116,549,78.87067395264117,"Sedentary (<5,000)",1.0,496.0,546.0,True,Thursday,False,19
8583815059,2016-04-12,5014,3.91000008583069,3.91000008583069,0.0,0.0,0.330000013113022,3.57999992370605,0.0,0,7,196,1237,2650,False,203,1440,85.90277777777777,"Low active (5,000-7,499)",,,,False,Tuesday,False,15
8583815059,2016-04-13,5571,4.34999990463257,4.34999990463257,0.0,0.150000005960464,0.970000028610229,3.23000001907349,0.0,2,23,163,1252,2654,False,188,1440,86.94444444444444,"Low active (5,000-7,499)",,,,False,Wednesday,False,15
8583815059,2016-04-14,3135,2.45000004768372,2.45000004768372,0.0,0.0,0.0,2.4300000667572,0.0,0,0,134,1306,2443,False,134,1440,90.69444444444444,"Sedentary (<5,000)",,,,False,Thursday,False,15
8583815059,2016-04-15,3430,2.6800000667572,2.6800000667572,0.0,0.0,0.0,0.899999976158142,0.0,0,0,65,1375,2505,False,65,1440,95.48611111111111,"Sedentary (<5,000)",,,,False,Friday,False,15
8583815059,2016-04-16,5319,4.15000009536743,4.15000009536743,0.0,0.0,0.0,0.0,0.0,0,0,0,1440,2693,False,0,1440,100.0,"Low active (5,000-7,499)",,,,False,Saturday,True,15
8583815059,2016-04-17,3008,2.34999990463257,2.34999990463257,0.0,0.0,0.0,0.0,0.0,0,0,0,1440,2439,False,0,1440,100.0,"Sedentary (<5,000)",,,,False,Sunday,True,15
8583815059,2016-04-18,3864,3.00999999046326,3.00999999046326,0.0,0.310000002384186,1.05999994277954,1.35000002384186,0.0,4,22,105,1309,2536,False,131,1440,90.90277777777777,"Sedentary (<5,000)",,,,False,Monday,False,16
8583815059,2016-04-19,5697,4.44000005722046,4.44000005722046,0.0,0.529999971389771,0.479999989271164,3.44000005722046,0.0,7,10,166,1257,2668,False,183,1440,87.29166666666667,"Low active (5,000-7,499)",,,,False,Tuesday,False,16
8583815059,2016-04-20,5273,4.1100001335144,4.1100001335144,0.0,0.0,1.03999996185303,3.0699999332428,0.0,0,27,167,1246,2647,False,194,1440,86.52777777777777,"Low active (5,000-7,499)",,,,False,Wednesday,False,16
8583815059,2016-04-21,8538,6.65999984741211,6.65999984741211,0.0,2.63000011444092,1.01999998092651,3.00999999046326,0.0,35,18,158,1229,2883,False,211,1440,85.34722222222223,"Somewhat active (7,500-9,999)",,,,False,Thursday,False,16
8583815059,2016-04-22,8687,6.78000020980835,6.78000020980835,0.0,0.28999999165535,2.41000008583069,4.07999992370605,0.0,4,54,212,1170,2944,False,270,1440,81.25,"Somewhat active (7,500-9,999)",,,,False,Friday,False,16
8583815059,2016-04-23,9423,7.34999990463257,7.34999990463257,0.0,0.529999971389771,2.02999997138977,4.75,0.0,7,44,238,1151,3012,False,289,1440,79.93055555555556,"Somewhat active (7,500-9,999)",,,,False,Saturday,True,16
8583815059,2016-04-24,8286,6.46000003814697,6.46000003814697,0.0,0.150000005960464,2.04999995231628,4.26999998092651,0.0,2,44,206,1188,2889,False,252,1440,82.5,"Somewhat active (7,500-9,999)",,,,False,Sunday,True,16
8583815059,2016-04-25,4503,3.50999999046326,3.50999999046326,0.0,1.47000002861023,0.239999994635582,1.80999994277954,0.0,18,6,122,1294,2547,False,146,1440,89.86111111111111,"Sedentary (<5,000)",,,,False,Monday,False,17
8583815059,2016-04-26,10499,8.1899995803833,8.1899995803833,0.0,0.0700000002980232,4.21999979019165,3.89000010490417,0.0,1,91,214,1134,3093,False,306,1440,78.75,"Active (10,000-12,499)",,,,False,Tuesday,False,17
8583815059,2016-04-27,12474,9.72999954223633,9.72999954223633,0.0,6.59999990463257,0.270000010728836,2.86999988555908,0.0,77,5,129,1229,3142,False,211,1440,85.34722222222223,"Active (10,000-12,499)",,,,False,Wednesday,False,17
8583815059,2016-04-28,6174,4.82000017166138,4.82000017166138,0.0,0.0,1.20000004768372,3.60999989509583,0.0,0,28,203,1209,2757,False,231,1440,83.95833333333333,"Low active (5,000-7,499)",,,,False,Thursday,False,17
8583815059,2016-04-29,15168,11.8299999237061,11.8299999237061,0.0,3.90000009536743,3.0,4.92000007629395,0.0,46,67,258,1069,3513,False,371,1440,74.23611111111111,"Highly active (12,500+)",,,,False,Friday,False,17
8583815059,2016-04-30,10085,7.86999988555908,7.86999988555908,0.0,0.150000005960464,1.27999997138977,6.42999982833862,0.0,2,28,317,1093,3164,False,347,1440,75.90277777777777,"Active (10,000-12,499)",,,,False,Saturday,True,17
8583815059,2016-05-01,4512,3.51999998092651,3.51999998092651,0.0,0.779999971389771,0.119999997317791,2.03999996185303,0.0,10,2,117,1311,2596,False,129,1440,91.04166666666667,"Sedentary (<5,000)",,,,False,Sunday,True,17
8583815059,2016-05-02,8469,6.6100001335144,6.6100001335144,0.0,0.0,0.0,0.0,0.0,0,0,0,1440,2894,False,0,1440,100.0,"Somewhat active (7,500-9,999)",,,,False,Monday,False,18
8583815059,2016-05-03,12015,9.36999988555908,9.36999988555908,0.0,0.0,0.0,0.0,0.0,0,0,0,1440,3212,False,0,1440,100.0,"Active (10,000-12,499)",,,,False,Tuesday,False,18
8583815059,2016-05-04,3588,2.79999995231628,2.79999995231628,0.0,0.0,0.0,0.0,0.0,0,0,0,1440,2516,False,0,1440,100.0,"Sedentary (<5,000)",,,,False,Wednesday,False,18
8583815059,2016-05-05,12427,9.6899995803833,9.6899995803833,0.0,0.0,0.0,1.17999994754791,0.0,0,0,70,1370,3266,False,70,1440,95.13888888888889,"Active (10,000-12,499)",,,,False,Thursday,False,18
8583815059,2016-05-06,5843,4.55999994277954,4.55999994277954,0.0,0.140000000596046,1.19000005722046,3.23000001907349,0.0,2,22,166,1250,2683,False,190,1440,86.80555555555556,"Low active (5,000-7,499)",,,,False,Friday,False,18
8583815059,2016-05-07,6117,4.76999998092651,4.76999998092651,0.0,0.0,0.0,4.76999998092651,0.0,0,0,250,1190,2810,False,250,1440,82.63888888888889,"Low active (5,000-7,499)",,,,False,Saturday,True,18
8583815059,2016-05-08,9217,7.19000005722046,7.19000005722046,0.0,0.219999998807907,3.30999994277954,3.66000008583069,0.0,3,72,182,1183,2940,False,257,1440,82.15277777777777,"Somewhat active (7,500-9,999)",,,,False,Sunday,True,18
8583815059,2016-05-09,9877,7.69999980926514,7.69999980926514,0.0,5.76000022888184,0.170000001788139,1.73000001907349,0.0,66,4,110,1260,2947,False,180,1440,87.5,"Somewhat active (7,500-9,999)",,,,False,Monday,False,19
8583815059,2016-05-10,8240,6.42999982833862,6.42999982833862,0.0,0.689999997615814,2.00999999046326,3.72000002861023,0.0,9,43,162,1226,2846,False,214,1440,85.13888888888889,"Somewhat active (7,500-9,999)",,,,False,Tuesday,False,19
8583815059,2016-05-11,8701,6.78999996185303,6.78999996185303,0.0,0.370000004768372,3.24000000953674,3.17000007629395,0.0,5,71,177,1106,2804,False,253,1359,81.38337012509199,"Somewhat active (7,500-9,999)",,,,False,Wednesday,False,19
8583815059,2016-05-12,0,0.0,0.0,0.0,0.0,0.0,0.0,0.0,0,0,0,1440,0,True,0,1440,100.0,"Sedentary (<5,000)",,,,False,Thursday,False,19
8792009665,2016-04-12,2564,1.63999998569489,1.63999998569489,0.0,0.0,0.0,1.63999998569489,0.0,0,0,116,831,2044,False,116,947,87.7507919746568,"Sedentary (<5,000)",1.0,458.0,493.0,True,Tuesday,False,15
8792009665,2016-04-13,1320,0.839999973773956,0.839999973773956,0.0,0.0,0.0,0.839999973773956,0.0,0,0,82,806,1934,False,82,888,90.76576576576576,"Sedentary (<5,000)",1.0,531.0,552.0,True,Wednesday,False,15
8792009665,2016-04-14,1219,0.779999971389771,0.779999971389771,0.0,0.0,0.0,0.779999971389771,0.0,0,0,84,853,1963,False,84,937,91.03521878335113,"Sedentary (<5,000)",1.0,486.0,503.0,True,Thursday,False,15
8792009665,2016-04-15,2483,1.5900000333786,1.5900000333786,0.0,0.0,0.0,1.5900000333786,0.0,0,0,126,937,2009,False,126,1063,88.14675446848541,"Sedentary (<5,000)",1.0,363.0,377.0,True,Friday,False,15
8792009665,2016-04-16,244,0.159999996423721,0.159999996423721,0.0,0.0,0.0,0.159999996423721,0.0,0,0,12,1428,1721,False,12,1440,99.16666666666667,"Sedentary (<5,000)",,,,False,Saturday,True,15
8792009665,2016-04-17,0,0.0,0.0,0.0,0.0,0.0,0.0,0.0,0,0,0,1440,1688,True,0,1440,100.0,"Sedentary (<5,000)",,,,False,Sunday,True,15
8792009665,2016-04-18,0,0.0,0.0,0.0,0.0,0.0,0.0,0.0,0,0,0,1440,1688,True,0,1440,100.0,"Sedentary (<5,000)",,,,False,Monday,False,16
8792009665,2016-04-19,0,0.0,0.0,0.0,0.0,0.0,0.0,0.0,0,0,0,1440,1688,True,0,1440,100.0,"Sedentary (<5,000)",,,,False,Tuesday,False,16
8792009665,2016-04-20,3147,2.00999999046326,2.00999999046326,0.0,0.0,0.280000001192093,1.74000000953674,0.0,0,10,139,744,2188,False,149,893,83.31466965285554,"Sedentary (<5,000)",1.0,528.0,547.0,True,Wednesday,False,16
8792009665,2016-04-21,144,0.0900000035762787,0.0900000035762787,0.0,0.0,0.0,0.0900000035762787,0.0,0,0,9,1431,1720,False,9,1440,99.375,"Sedentary (<5,000)",,,,False,Thursday,False,16
8792009665,2016-04-22,4068,2.59999990463257,2.59999990463257,0.0,0.0500000007450581,0.280000001192093,2.26999998092651,0.0,1,20,195,817,2419,False,216,1033,79.09002904162634,"Sedentary (<5,000)",1.0,391.0,407.0,True,Friday,False,16
8792009665,2016-04-23,5245,3.35999989509583,3.35999989509583,0.0,0.159999996423721,0.439999997615814,2.75,0.0,8,45,232,795,2748,False,285,1080,73.61111111111111,"Low active (5,000-7,499)",1.0,339.0,360.0,True,Saturday,True,16
8792009665,2016-04-24,400,0.259999990463257,0.259999990463257,0.0,0.0399999991059303,0.0500000007450581,0.159999996423721,0.0,3,8,19,1410,1799,False,30,1440,97.91666666666667,"Sedentary (<5,000)",,,,False,Sunday,True,16
8792009665,2016-04-25,0,0.0,0.0,0.0,0.0,0.0,0.0,0.0,0,0,0,1440,1688,True,0,1440,100.0,"Sedentary (<5,000)",,,,False,Monday,False,17
8792009665,2016-04-26,1321,0.850000023841858,0.850000023841858,0.0,0.0,0.0,0.850000023841858,0.0,0,0,80,1360,1928,False,80,1440,94.44444444444444,"Sedentary (<5,000)",,,,False,Tuesday,False,17
8792009665,2016-04-27,1758,1.12999999523163,1.12999999523163,0.0,0.0,0.0,1.12999999523163,0.0,0,0,112,900,2067,False,112,1012,88.93280632411067,"Sedentary (<5,000)",1.0,423.0,428.0,True,Wednesday,False,17
8792009665,2016-04-28,6157,3.94000005722046,3.94000005722046,0.0,0.0,0.0,3.94000005722046,0.0,0,0,310,714,2780,False,310,1024,69.7265625,"Low active (5,000-7,499)",1.0,402.0,416.0,True,Thursday,False,17
8792009665,2016-04-29,8360,5.34999990463257,5.34999990463257,0.0,0.140000000596046,0.280000001192093,4.92999982833862,0.0,6,14,380,634,3101,False,400,1034,61.315280464216634,"Somewhat active (7,500-9,999)",1.0,398.0,406.0,True,Friday,False,17
8792009665,2016-04-30,7174,4.59000015258789,4.59000015258789,0.0,0.330000013113022,0.360000014305115,3.91000008583069,0.0,10,20,301,749,2896,False,331,1080,69.35185185185185,"Low active (5,000-7,499)",1.0,343.0,360.0,True,Saturday,True,17
8792009665,2016-05-01,1619,1.03999996185303,1.03999996185303,0.0,0.0,0.0,1.03999996185303,0.0,0,0,79,834,1962,False,79,913,91.34720700985761,"Sedentary (<5,000)",1.0,503.0,527.0,True,Sunday,True,17
8792009665,2016-05-02,1831,1.16999995708466,1.16999995708466,0.0,0.0,0.0,1.16999995708466,0.0,0,0,101,916,2015,False,101,1017,90.06882989183875,"Sedentary (<5,000)",1.0,415.0,423.0,True,Monday,False,18
8792009665,2016-05-03,2421,1.54999995231628,1.54999995231628,0.0,0.0,0.0,1.54999995231628,0.0,0,0,156,739,2297,False,156,895,82.56983240223464,"Sedentary (<5,000)",1.0,516.0,545.0,True,Tuesday,False,18
8792009665,2016-05-04,2283,1.46000003814697,1.46000003814697,0.0,0.0,0.0,1.46000003814697,0.0,0,0,129,848,2067,False,129,977,86.79631525076766,"Sedentary (<5,000)",1.0,439.0,463.0,True,Wednesday,False,18
8792009665,2016-05-05,0,0.0,0.0,0.0,0.0,0.0,0.0,0.0,0,0,0,1440,1688,True,0,1440,100.0,"Sedentary (<5,000)",,,,False,Thursday,False,18
8792009665,2016-05-06,0,0.0,0.0,0.0,0.0,0.0,0.0,0.0,0,0,0,1440,1688,True,0,1440,100.0,"Sedentary (<5,000)",,,,False,Friday,False,18
8792009665,2016-05-07,0,0.0,0.0,0.0,0.0,0.0,0.0,0.0,0,0,0,1440,1688,True,0,1440,100.0,"Sedentary (<5,000)",,,,False,Saturday,True,18
8792009665,2016-05-08,0,0.0,0.0,0.0,0.0,0.0,0.0,0.0,0,0,0,1440,1688,True,0,1440,100.0,"Sedentary (<5,000)",,,,False,Sunday,True,18
8792009665,2016-05-09,0,0.0,0.0,0.0,0.0,0.0,0.0,0.0,0,0,0,1440,1688,True,0,1440,100.0,"Sedentary (<5,000)",,,,False,Monday,False,19
8792009665,2016-05-10,0,0.0,0.0,0.0,0.0,0.0,0.0,0.0,0,0,0,48,57,False,0,48,100.0,"Sedentary (<5,000)",,,,False,Tuesday,False,19
8877689391,2016-04-12,23186,20.3999996185303,20.3999996185303,0.0,12.2200002670288,0.340000003576279,7.82000017166138,0.0,85,7,312,1036,3921,False,404,1440,71.94444444444444,"Highly active (12,500+)",,,,False,Tuesday,False,15
8877689391,2016-04-13,15337,9.57999992370605,9.57999992370605,0.0,3.54999995231628,0.379999995231628,5.6399998664856,0.0,108,18,216,1098,3566,False,342,1440,76.25,"Highly active (12,500+)",,,,False,Wednesday,False,15
8877689391,2016-04-14,21129,18.9799995422363,18.9799995422363,0.0,10.5500001907349,0.589999973773956,7.75,0.0199999995529652,68,13,298,1061,3793,False,379,1440,73.68055555555556,"Highly active (12,500+)",,,,False,Thursday,False,15
8877689391,2016-04-15,13422,7.17000007629395,7.17000007629395,0.0,0.0500000007450581,0.0500000007450581,7.01000022888184,0.0099999997764825,106,1,281,1052,3934,False,388,1440,73.05555555555556,"Highly active (12,500+)",,,,False,Friday,False,15
8877689391,2016-04-16,29326,25.2900009155273,25.2900009155273,0.0,13.2399997711182,1.21000003814697,10.710000038147,0.0,94,29,429,888,4547,False,552,1440,61.666666666666664,"Highly active (12,500+)",,,,False,Saturday,True,15
8877689391,2016-04-17,15118,8.86999988555908,8.86999988555908,0.0,0.0,0.0700000002980232,8.78999996185303,0.0,58,15,307,1060,3545,False,380,1440,73.61111111111111,"Highly active (12,500+)",,,,False,Sunday,True,15
8877689391,2016-04-18,11423,8.67000007629395,8.67000007629395,0.0,2.44000005722046,0.270000010728836,5.94000005722046,0.0,29,5,191,1215,2761,False,225,1440,84.375,"Active (10,000-12,499)",,,,False,Monday,False,16
8877689391,2016-04-19,18785,17.3999996185303,17.3999996185303,0.0,12.1499996185303,0.180000007152557,5.03000020980835,0.0,82,13,214,1131,3676,False,309,1440,78.54166666666667,"Highly active (12,500+)",,,,False,Tuesday,False,16
8877689391,2016-04-20,19948,18.1100006103516,18.1100006103516,0.0,11.0200004577637,0.689999997615814,6.34000015258789,0.0,73,19,225,1123,3679,False,317,1440,77.98611111111111,"Highly active (12,500+)",,,,False,Wednesday,False,16
8877689391,2016-04-21,19377,17.6200008392334,17.6200008392334,0.0,12.289999961853,0.419999986886978,4.8899998664856,0.0,82,13,226,1119,3659,False,321,1440,77.70833333333333,"Highly active (12,500+)",,,,False,Thursday,False,16
8877689391,2016-04-22,18258,16.3099994659424,16.3099994659424,0.0,10.2299995422363,0.0299999993294477,5.96999979019165,0.0500000007450581,61,2,236,1141,3427,False,299,1440,79.23611111111111,"Highly active (12,500+)",,,,False,Friday,False,16
8877689391,2016-04-23,11200,7.42999982833862,7.42999982833862,0.0,0.0,0.0,7.40000009536743,0.0099999997764825,102,6,300,1032,3891,False,408,1440,71.66666666666667,"Active (10,000-12,499)",,,,False,Saturday,True,16
8877689391,2016-04-24,16674,15.7399997711182,15.7399997711182,0.0,11.0100002288818,0.0099999997764825,4.69000005722046,0.0,64,1,227,1148,3455,False,292,1440,79.72222222222223,"Highly active (12,500+)",,,,False,Sunday,True,16
8877689391,2016-04-25,12986,8.73999977111816,8.73999977111816,0.0,2.36999988555908,0.0700000002980232,6.26999998092651,0.0099999997764825,113,8,218,1101,3802,False,339,1440,76.45833333333333,"Highly active (12,500+)",,,,False,Monday,False,17
8877689391,2016-04-26,11101,8.43000030517578,8.43000030517578,0.0,1.75999999046326,0.129999995231628,6.5,0.0,22,3,258,1157,2860,False,283,1440,80.34722222222223,"Active (10,000-12,499)",,,,False,Tuesday,False,17
8877689391,2016-04-27,23629,20.6499996185303,20.6499996185303,0.0,13.0699996948242,0.439999997615814,7.09999990463257,0.0,93,8,235,1104,3808,False,336,1440,76.66666666666667,"Highly active (12,500+)",,,,False,Wednesday,False,17
8877689391,2016-04-28,14890,11.3000001907349,11.3000001907349,0.0,4.92999982833862,0.379999995231628,5.96999979019165,0.0,58,8,231,1143,3060,False,297,1440,79.375,"Highly active (12,500+)",,,,False,Thursday,False,17
8877689391,2016-04-29,9733,7.3899998664856,7.3899998664856,0.0,1.37999999523163,0.170000001788139,5.78999996185303,0.0,18,5,210,1207,2698,False,233,1440,83.81944444444444,"Somewhat active (7,500-9,999)",,,,False,Friday,False,17
8877689391,2016-04-30,27745,26.7199993133545,26.7199993133545,0.0,21.6599998474121,0.0799999982118607,4.92999982833862,0.0,124,4,223,1089,4398,False,351,1440,75.625,"Highly active (12,500+)",,,,False,Saturday,True,17
8877689391,2016-05-01,10930,8.31999969482422,8.31999969482422,0.0,3.13000011444092,0.569999992847443,4.57000017166138,0.0,36,12,166,1226,2786,False,214,1440,85.13888888888889,"Active (10,000-12,499)",,,,False,Sunday,True,17
8877689391,2016-05-02,4790,3.64000010490417,3.64000010490417,0.0,0.0,0.0,3.55999994277954,0.0,0,0,105,1335,2189,False,105,1440,92.70833333333333,"Sedentary (<5,000)",,,,False,Monday,False,18
8877689391,2016-05-03,10818,8.21000003814697,8.21000003814697,0.0,1.38999998569489,0.100000001490116,6.67000007629395,0.0099999997764825,19,3,229,1189,2817,False,251,1440,82.56944444444444,"Active (10,000-12,499)",,,,False,Tuesday,False,18
8877689391,2016-05-04,18193,16.2999992370605,16.2999992370605,0.0,10.4200000762939,0.310000002384186,5.53000020980835,0.0,66,8,212,1154,3477,False,286,1440,80.13888888888889,"Highly active (12,500+)",,,,False,Wednesday,False,18
8877689391,2016-05-05,14055,10.6700000762939,10.6700000762939,0.0,5.46000003814697,0.819999992847443,4.36999988555908,0.0,67,15,188,1170,3052,False,270,1440,81.25,"Highly active (12,500+)",,,,False,Thursday,False,18
8877689391,2016-05-06,21727,19.3400001525879,19.3400001525879,0.0,12.789999961853,0.28999999165535,6.15999984741211,0.0,96,17,232,1095,4015,False,345,1440,76.04166666666667,"Highly active (12,500+)",,,,False,Friday,False,18
8877689391,2016-05-07,12332,8.13000011444092,8.13000011444092,0.0,0.0799999982118607,0.959999978542328,6.98999977111816,0.0,105,28,271,1036,4142,False,404,1440,71.94444444444444,"Active (10,000-12,499)",,,,False,Saturday,True,18
8877689391,2016-05-08,10686,8.10999965667725,8.10999965667725,0.0,1.08000004291534,0.200000002980232,6.80000019073486,0.0,17,4,245,1174,2847,False,266,1440,81.52777777777777,"Active (10,000-12,499)",,,,False,Sunday,True,18
8877689391,2016-05-09,20226,18.25,18.25,0.0,11.1000003814697,0.800000011920929,6.23999977111816,0.0500000007450581,73,19,217,1131,3710,False,309,1440,78.54166666666667,"Highly active (12,500+)",,,,False,Monday,False,19
8877689391,2016-05-10,10733,8.14999961853027,8.14999961853027,0.0,1.35000002384186,0.46000000834465,6.28000020980835,0.0,18,11,224,1187,2832,False,253,1440,82.43055555555556,"Active (10,000-12,499)",,,,False,Tuesday,False,19
8877689391,2016-05-11,21420,19.5599994659424,19.5599994659424,0.0,13.2200002670288,0.409999996423721,5.8899998664856,0.0,88,12,213,1127,3832,False,313,1440,78.26388888888889,"Highly active (12,500+)",,,,False,Wednesday,False,19
8877689391,2016-05-12,8064,6.11999988555908,6.11999988555908,0.0,1.82000005245209,0.0399999991059303,4.25,0.0,23,1,137,770,1849,False,161,931,82.70676691729324,"Somewhat active (7,500-9,999)",,,,False,Thursday,False,19
